Sig_day,Sig_time,Validated,Val_day,Val_time,Label,is_covid,Method,Person,Start_time,sig_day_time,val_day_time
06/11/2020,11:00:00,no,06/11/2020,16:03:00,Topic 1,no,epitweetr,EI expert 2,16:00:00,06/11/2020 11:00,06/11/2020 16:03
18/10/2020,22:00:00,yes,19/10/2020,10:58:00,Topic 10,yes,epitweetr,EI expert 1,10:50:00,18/10/2020 22:00,19/10/2020 10:58
23/10/2020,09:25:00,yes,23/10/2020,09:35:00,Topic 10,yes,Twitter,EI expert 1,09:30:00,23/10/2020 09:25,23/10/2020 09:35
26/10/2020,09:24:00,yes,26/10/2020,09:59:00,Topic 10,yes,Twitter,EI expert 1,09:45:00,26/10/2020 09:24,26/10/2020 09:59
16/11/2020,23:00:00,yes,17/11/2020,09:06:00,Topic 10,no,epitweetr,EI expert 2,09:00:00,16/11/2020 23:00,17/11/2020 09:06
28/10/2020,03:00:00,no,28/10/2020,09:15:00,Topic 11,no,epitweetr,EI expert 1,09:00:00,28/10/2020 03:00,28/10/2020 09:15
03/11/2020,09:18:00,yes,03/11/2020,09:57:00,Topic 11,yes,Twitter,EI expert 2,09:45:00,03/11/2020 09:18,03/11/2020 09:57
23/11/2020,14:18:00,yes,23/11/2020,14:54:00,Topic 11,yes,Twitter,EI expert 2,14:45:00,23/11/2020 14:18,23/11/2020 14:54
04/11/2020,23:00:00,yes,05/11/2020,09:10:00,Topic 12,no,epitweetr,EI expert 2,08:55:00,04/11/2020 23:00,05/11/2020 09:10
19/11/2020,15:34:00,yes,19/11/2020,16:24:00,Topic 12,yes,Twitter,EI expert 2,16:10:00,19/11/2020 15:34,19/11/2020 16:24
09/11/2020,08:17:00,yes,09/11/2020,09:07:00,Topic 13,yes,Twitter,EI expert 2,08:55:00,09/11/2020 08:17,09/11/2020 09:07
09/11/2020,08:09:00,yes,09/11/2020,09:07:00,Topic 13,yes,Twitter,EI expert 2,08:55:00,09/11/2020 08:09,09/11/2020 09:07
10/11/2020,09:24:00,yes,10/11/2020,10:01:00,Topic 13,yes,Twitter,EI expert 2,09:48:00,10/11/2020 09:24,10/11/2020 10:01
12/11/2020,10:02:00,yes,12/11/2020,10:10:00,Topic 13,yes,Twitter,EI expert 2,10:05:00,12/11/2020 10:02,12/11/2020 10:10
12/11/2020,09:55:00,yes,12/11/2020,10:11:00,Topic 13,yes,Twitter,EI expert 2,10:05:00,12/11/2020 09:55,12/11/2020 10:11
18/11/2020,15:46:00,yes,18/11/2020,16:08:00,Topic 13,yes,Twitter,EI expert 2,16:00:00,18/11/2020 15:46,18/11/2020 16:08
25/11/2020,08:22:00,yes,25/11/2020,09:40:00,Topic 13,yes,Twitter,EI expert 1,09:30:00,25/11/2020 08:22,25/11/2020 09:40
28/10/2020,12:00:00,no,28/10/2020,15:15:00,Topic 13a,no,epitweetr,EI expert 1,14:50:00,28/10/2020 12:00,28/10/2020 15:15
21/10/2020,19:00:00,no,22/10/2020,09:13:00,Topic 13b,no,epitweetr,EI expert 1,09:00:00,21/10/2020 19:00,22/10/2020 09:13
29/10/2020,12:00:00,no,29/10/2020,15:44:00,Topic 14,no,epitweetr,EI expert 1,15:40:00,29/10/2020 12:00,29/10/2020 15:44
29/10/2020,12:00:00,no,29/10/2020,15:44:00,Topic 14,no,epitweetr,EI expert 1,15:40:00,29/10/2020 12:00,29/10/2020 15:44
16/11/2020,14:30:00,yes,16/11/2020,15:30:00,Topic 14a,yes,Twitter,EI expert 2,15:15:00,16/11/2020 14:30,16/11/2020 15:30
02/11/2020,12:12:00,yes,02/11/2020,12:40:00,Topic 14b,yes,Twitter,EI expert 2,12:20:00,02/11/2020 12:12,02/11/2020 12:40
26/11/2020,09:45:00,yes,26/11/2020,10:22:00,Topic 14c,yes,Twitter,EI expert 1,10:10:00,26/11/2020 09:45,26/11/2020 10:22
04/11/2020,16:55:00,yes,04/11/2020,17:09:00,Topic 14d,yes,Twitter,EI expert 2,17:00:00,04/11/2020 16:55,04/11/2020 17:09
11/11/2020,11:00:00,yes,11/11/2020,16:03:00,Topic 14e,yes,epitweetr,EI expert 2,16:00:00,11/11/2020 11:00,11/11/2020 16:03
16/11/2020,08:15:00,yes,16/11/2020,09:10:00,Topic 14f,yes,Twitter,EI expert 2,09:05:00,16/11/2020 08:15,16/11/2020 09:10
04/11/2020,16:41:00,yes,04/11/2020,17:15:00,Topic 14g,yes,Twitter,EI expert 2,17:00:00,04/11/2020 16:41,04/11/2020 17:15
10/11/2020,15:05:00,yes,10/11/2020,15:46:00,Topic 14h,yes,Twitter,EI expert 2,15:35:00,10/11/2020 15:05,10/11/2020 15:46
17/11/2020,16:33:00,yes,17/11/2020,16:45:00,Topic 14i,yes,Twitter,EI expert 2,16:40:00,17/11/2020 16:33,17/11/2020 16:45
18/11/2020,07:58:00,yes,18/11/2020,09:05:00,Topic 14i,yes,Twitter,EI expert 2,09:00:00,18/11/2020 07:58,18/11/2020 09:05
26/10/2020,12:20:00,yes,26/10/2020,14:55:00,Topic 14j,yes,Twitter,EI expert 1,14:45:00,26/10/2020 12:20,26/10/2020 14:55
27/10/2020,03:00:00,yes,27/10/2020,08:16:00,Topic 14j,yes,epitweetr,EI expert 1,08:15:00,27/10/2020 03:00,27/10/2020 08:16
27/10/2020,15:10:00,yes,27/10/2020,15:17:00,Topic 14j,yes,Twitter,EI expert 1,15:15:00,27/10/2020 15:10,27/10/2020 15:17
02/11/2020,21:00:00,yes,02/11/2020,12:17:00,Topic 14j,yes,epitweetr,EI expert 2,12:00:00,02/11/2020 21:00,02/11/2020 12:17
03/11/2020,17:40:00,yes,03/11/2020,17:44:00,Topic 14j,yes,Twitter,EI expert 2,17:40:00,03/11/2020 17:40,03/11/2020 17:44
25/11/2020,17:10:00,yes,25/11/2020,17:40:00,Topic 14j,yes,Twitter,EI expert 1,17:30:00,25/11/2020 17:10,25/11/2020 17:40
05/11/2020,11:22:00,yes,05/11/2020,11:37:00,Topic 14k,yes,Twitter,EI expert 2,11:30:00,05/11/2020 11:22,05/11/2020 11:37
18/11/2020,12:00:00,yes,18/11/2020,16:37:00,Topic 14l,yes,epitweetr,EI expert 2,16:30:00,18/11/2020 12:00,18/11/2020 16:37
20/10/2020,14:20:00,yes,20/10/2020,14:45:00,Topic 14m,yes,Twitter,EI expert 1,14:45:00,20/10/2020 14:20,20/10/2020 14:45
22/10/2020,21:07:00,yes,23/10/2020,09:44:00,Topic 14m,yes,Twitter,EI expert 1,09:30:00,22/10/2020 21:07,23/10/2020 09:44
23/10/2020,00:38:00,yes,23/10/2020,09:42:00,Topic 14m,yes,Twitter,EI expert 1,09:30:00,23/10/2020 00:38,23/10/2020 09:42
26/10/2020,09:30:00,yes,26/10/2020,09:55:00,Topic 14m,yes,Twitter,EI expert 1,09:45:00,26/10/2020 09:30,26/10/2020 09:55
26/10/2020,14:12:00,yes,26/10/2020,14:47:00,Topic 14m,yes,Twitter,EI expert 1,14:45:00,26/10/2020 14:12,26/10/2020 14:47
27/10/2020,07:10:00,yes,27/10/2020,09:10:00,Topic 14m,yes,Twitter,EI expert 1,09:00:00,27/10/2020 07:10,27/10/2020 09:10
29/10/2020,01:28:00,yes,29/10/2020,09:02:00,Topic 14m,yes,Twitter,EI expert 1,09:00:00,29/10/2020 01:28,29/10/2020 09:02
29/10/2020,14:04:00,yes,29/10/2020,14:45:00,Topic 14m,yes,Twitter,EI expert 1,14:45:00,29/10/2020 14:04,29/10/2020 14:45
02/11/2020,16:42:00,yes,02/11/2020,17:01:00,Topic 14m,yes,Twitter,EI expert 2,16:45:00,02/11/2020 16:42,02/11/2020 17:01
02/11/2020,12:00:00,no,02/11/2020,16:26:00,Topic 14n,yes,epitweetr,EI expert 2,16:20:00,02/11/2020 12:00,02/11/2020 16:26
03/11/2020,15:00:00,no,04/11/2020,09:37:00,Topic 14n,yes,epitweetr,EI expert 2,09:30:00,03/11/2020 15:00,04/11/2020 09:37
13/11/2020,09:30:00,yes,13/11/2020,09:50:00,Topic 15,yes,Twitter,EI expert 2,09:40:00,13/11/2020 09:30,13/11/2020 09:50
27/10/2020,12:00:00,no,27/10/2020,15:26:00,Topic 16,yes,epitweetr,EI expert 1,15:20:00,27/10/2020 12:00,27/10/2020 15:26
04/11/2020,16:30:00,yes,04/11/2020,17:16:00,Topic 17,yes,Twitter,EI expert 2,17:00:00,04/11/2020 16:30,04/11/2020 17:16
05/11/2020,11:29:00,yes,05/11/2020,11:33:00,Topic 17,yes,Twitter,EI expert 2,11:30:00,05/11/2020 11:29,05/11/2020 11:33
05/11/2020,11:29:00,yes,05/11/2020,11:37:00,Topic 17,yes,Twitter,EI expert 2,11:30:00,05/11/2020 11:29,05/11/2020 11:37
09/11/2020,07:46:00,yes,09/11/2020,09:10:00,Topic 17,yes,Twitter,EI expert 2,08:55:00,09/11/2020 07:46,09/11/2020 09:10
10/11/2020,09:02:00,yes,10/11/2020,10:02:00,Topic 17,yes,Twitter,EI expert 2,09:48:00,10/11/2020 09:02,10/11/2020 10:02
10/11/2020,14:55:00,yes,10/11/2020,15:50:00,Topic 17,yes,Twitter,EI expert 2,15:35:00,10/11/2020 14:55,10/11/2020 15:50
12/11/2020,08:26:00,yes,12/11/2020,10:17:00,Topic 17,yes,Twitter,EI expert 2,10:05:00,12/11/2020 08:26,12/11/2020 10:17
26/11/2020,16:40:00,yes,26/11/2020,17:15:00,Topic 17,yes,Twitter,EI expert 1,17:10:00,26/11/2020 16:40,26/11/2020 17:15
12/11/2020,11:00:00,yes,12/11/2020,16:30:00,Topic 18,yes,epitweetr,EI expert 2,16:30:00,12/11/2020 11:00,12/11/2020 16:30
27/10/2020,08:30:00,yes,27/10/2020,09:03:00,Topic 19,yes,Twitter,EI expert 1,09:00:00,27/10/2020 08:30,27/10/2020 09:03
02/11/2020,16:15:00,yes,02/11/2020,17:20:00,Topic 19,yes,Twitter,EI expert 2,16:45:00,02/11/2020 16:15,02/11/2020 17:20
09/11/2020,08:35:00,yes,09/11/2020,09:01:00,Topic 19,yes,Twitter,EI expert 2,08:55:00,09/11/2020 08:35,09/11/2020 09:01
10/11/2020,12:00:00,yes,10/11/2020,16:08:00,Topic 19,yes,epitweetr,EI expert 2,16:00:00,10/11/2020 12:00,10/11/2020 16:08
10/11/2020,12:00:00,yes,10/11/2020,16:08:00,Topic 19,yes,epitweetr,EI expert 2,16:00:00,10/11/2020 12:00,10/11/2020 16:08
10/11/2020,12:00:00,yes,10/11/2020,16:08:00,Topic 19,yes,epitweetr,EI expert 2,16:00:00,10/11/2020 12:00,10/11/2020 16:08
10/11/2020,12:00:00,yes,10/11/2020,16:08:00,Topic 19,yes,epitweetr,EI expert 2,16:00:00,10/11/2020 12:00,10/11/2020 16:08
10/11/2020,12:00:00,yes,10/11/2020,16:09:00,Topic 19,yes,epitweetr,EI expert 2,16:00:00,10/11/2020 12:00,10/11/2020 16:09
24/11/2020,09:58:00,yes,24/11/2020,10:34:00,Topic 2,no,Twitter,EI expert 2,10:30:00,24/11/2020 09:58,24/11/2020 10:34
24/11/2020,00:00:00,yes,24/11/2020,09:18:00,Topic 2,no,epitweetr,EI expert 1,09:00:00,24/11/2020 00:00,24/11/2020 09:18
11/11/2020,11:00:00,yes,11/11/2020,16:01:00,Topic 20,yes,epitweetr,EI expert 2,16:00:00,11/11/2020 11:00,11/11/2020 16:01
19/11/2020,06:00:00,yes,19/11/2020,16:06:00,Topic 21,yes,epitweetr,EI expert 2,16:00:00,19/11/2020 06:00,19/11/2020 16:06
20/11/2020,11:00:00,yes,20/11/2020,16:03:00,Topic 21,yes,epitweetr,EI expert 2,16:00:00,20/11/2020 11:00,20/11/2020 16:03
27/11/2020,12:00:00,yes,27/11/2020,15:24:00,Topic 21,yes,epitweetr,EI expert 1,15:20:00,27/11/2020 12:00,27/11/2020 15:24
10/11/2020,15:00:00,yes,11/11/2020,10:40:00,Topic 22,yes,epitweetr,EI expert 2,10:30:00,10/11/2020 15:00,11/11/2020 10:40
19/10/2020,15:22:00,yes,19/10/2020,15:27:00,Topic 23,yes,Twitter,EI expert 1,15:30:00,19/10/2020 15:22,19/10/2020 15:27
20/10/2020,09:33:00,yes,20/10/2020,09:43:00,Topic 23,yes,Twitter,EI expert 1,09:45:00,20/10/2020 09:33,20/10/2020 09:43
29/10/2020,14:30:00,yes,29/10/2020,14:55:00,Topic 23,yes,Twitter,EI expert 1,14:45:00,29/10/2020 14:30,29/10/2020 14:55
02/11/2020,16:43:00,yes,02/11/2020,16:57:00,Topic 23,yes,Twitter,EI expert 2,16:45:00,02/11/2020 16:43,02/11/2020 16:57
02/11/2020,16:30:00,yes,02/11/2020,17:12:00,Topic 23,yes,Twitter,EI expert 2,16:45:00,02/11/2020 16:30,02/11/2020 17:12
02/11/2020,16:26:00,yes,02/11/2020,17:13:00,Topic 23,yes,Twitter,EI expert 2,16:45:00,02/11/2020 16:26,02/11/2020 17:13
02/11/2020,16:25:00,yes,02/11/2020,17:15:00,Topic 23,yes,Twitter,EI expert 2,16:45:00,02/11/2020 16:25,02/11/2020 17:15
02/11/2020,16:25:00,yes,02/11/2020,17:18:00,Topic 23,yes,Twitter,EI expert 2,16:45:00,02/11/2020 16:25,02/11/2020 17:18
03/11/2020,07:35:00,yes,03/11/2020,10:21:00,Topic 23,yes,Twitter,EI expert 2,09:45:00,03/11/2020 07:35,03/11/2020 10:21
03/11/2020,17:35:00,yes,03/11/2020,17:50:00,Topic 23,yes,Twitter,EI expert 2,17:40:00,03/11/2020 17:35,03/11/2020 17:50
05/11/2020,16:01:00,yes,05/11/2020,16:08:00,Topic 23,yes,Twitter,EI expert 2,16:05:00,05/11/2020 16:01,05/11/2020 16:08
10/11/2020,09:33:00,yes,10/11/2020,09:55:00,Topic 23,yes,Twitter,EI expert 2,09:48:00,10/11/2020 09:33,10/11/2020 09:55
10/11/2020,09:33:00,yes,10/11/2020,09:56:00,Topic 23,yes,Twitter,EI expert 2,09:48:00,10/11/2020 09:33,10/11/2020 09:56
16/11/2020,14:50:00,yes,16/11/2020,15:26:00,Topic 23,yes,Twitter,EI expert 2,15:15:00,16/11/2020 14:50,16/11/2020 15:26
16/11/2020,14:47:00,yes,16/11/2020,15:27:00,Topic 23,yes,Twitter,EI expert 2,15:15:00,16/11/2020 14:47,16/11/2020 15:27
23/11/2020,09:05:00,yes,23/11/2020,09:25:00,Topic 23,yes,Twitter,EI expert 2,09:15:00,23/11/2020 09:05,23/11/2020 09:25
27/11/2020,09:00:00,yes,27/11/2020,09:51:00,Topic 24,yes,Twitter,EI expert 1,09:30:00,27/11/2020 09:00,27/11/2020 09:51
29/10/2020,10:00:00,no,29/10/2020,15:51:00,Topic 25,yes,epitweetr,EI expert 1,15:40:00,29/10/2020 10:00,29/10/2020 15:51
02/11/2020,03:00:00,no,02/11/2020,16:35:00,Topic 25,yes,epitweetr,EI expert 2,16:20:00,02/11/2020 03:00,02/11/2020 16:35
02/11/2020,12:00:00,yes,02/11/2020,12:27:00,Topic 26,yes,Twitter,EI expert 2,12:20:00,02/11/2020 12:00,02/11/2020 12:27
26/11/2020,16:55:00,yes,26/11/2020,17:20:00,Topic 27,yes,Twitter,EI expert 1,17:10:00,26/11/2020 16:55,26/11/2020 17:20
18/10/2020,22:56:00,yes,19/10/2020,10:10:00,Topic 28,yes,Twitter,EI expert 1,10:00:00,18/10/2020 22:56,19/10/2020 10:10
05/10/2020,16:49:00,yes,22/10/2020,15:31:00,Topic 28,yes,Twitter,EI expert 1,15:20:00,05/10/2020 16:49,22/10/2020 15:31
24/10/2020,07:47:00,yes,27/10/2020,09:12:00,Topic 28,yes,Twitter,EI expert 1,09:00:00,24/10/2020 07:47,27/10/2020 09:12
29/10/2020,03:00:00,yes,29/10/2020,08:37:00,Topic 28,yes,epitweetr,EI expert 1,08:30:00,29/10/2020 03:00,29/10/2020 08:37
02/11/2020,16:37:00,yes,02/11/2020,12:43:00,Topic 28,yes,Twitter,EI expert 2,12:20:00,02/11/2020 16:37,02/11/2020 12:43
02/11/2020,11:54:00,yes,02/11/2020,12:48:00,Topic 28,yes,Twitter,EI expert 2,12:20:00,02/11/2020 11:54,02/11/2020 12:48
03/11/2020,08:52:00,yes,03/11/2020,09:55:00,Topic 28,yes,Twitter,EI expert 2,09:45:00,03/11/2020 08:52,03/11/2020 09:55
20/10/2020,20:00:00,yes,21/10/2020,09:33:00,Topic 29,yes,epitweetr,EI expert 1,09:30:00,20/10/2020 20:00,21/10/2020 09:33
17/11/2020,12:00:00,yes,17/11/2020,16:05:00,Topic 3,no,epitweetr,EI expert 2,16:00:00,17/11/2020 12:00,17/11/2020 16:05
17/11/2020,12:00:00,yes,17/11/2020,16:05:00,Topic 3,no,epitweetr,EI expert 2,16:00:00,17/11/2020 12:00,17/11/2020 16:05
17/11/2020,12:00:00,yes,17/11/2020,16:05:00,Topic 3,no,epitweetr,EI expert 2,16:00:00,17/11/2020 12:00,17/11/2020 16:05
17/11/2020,12:00:00,yes,17/11/2020,16:05:00,Topic 3,no,epitweetr,EI expert 2,16:00:00,17/11/2020 12:00,17/11/2020 16:05
17/11/2020,08:00:00,yes,17/11/2020,16:05:00,Topic 3,no,epitweetr,EI expert 2,16:00:00,17/11/2020 08:00,17/11/2020 16:05
17/11/2020,09:00:00,yes,17/11/2020,16:05:00,Topic 3,no,epitweetr,EI expert 2,16:00:00,17/11/2020 09:00,17/11/2020 16:05
17/11/2020,05:00:00,yes,17/11/2020,16:05:00,Topic 3,no,epitweetr,EI expert 2,16:00:00,17/11/2020 05:00,17/11/2020 16:05
17/11/2020,05:00:00,yes,17/11/2020,16:05:00,Topic 3,no,epitweetr,EI expert 2,16:00:00,17/11/2020 05:00,17/11/2020 16:05
17/11/2020,12:00:00,yes,17/11/2020,16:05:00,Topic 3,no,epitweetr,EI expert 2,16:00:00,17/11/2020 12:00,17/11/2020 16:05
18/11/2020,03:00:00,yes,18/11/2020,09:39:00,Topic 3,no,epitweetr,EI expert 2,09:37:00,18/11/2020 03:00,18/11/2020 09:39
18/11/2020,03:00:00,yes,18/11/2020,09:39:00,Topic 3,no,epitweetr,EI expert 2,09:37:00,18/11/2020 03:00,18/11/2020 09:39
18/11/2020,03:00:00,yes,18/11/2020,09:39:00,Topic 3,no,epitweetr,EI expert 2,09:37:00,18/11/2020 03:00,18/11/2020 09:39
18/11/2020,12:00:00,yes,18/11/2020,16:33:00,Topic 3,no,epitweetr,EI expert 2,16:30:00,18/11/2020 12:00,18/11/2020 16:33
18/11/2020,12:00:00,yes,18/11/2020,16:33:00,Topic 3,no,epitweetr,EI expert 2,16:30:00,18/11/2020 12:00,18/11/2020 16:33
18/11/2020,12:00:00,yes,18/11/2020,16:33:00,Topic 3,no,epitweetr,EI expert 2,16:30:00,18/11/2020 12:00,18/11/2020 16:33
19/11/2020,11:00:00,yes,19/11/2020,16:04:00,Topic 3,no,epitweetr,EI expert 2,16:00:00,19/11/2020 11:00,19/11/2020 16:04
19/11/2020,11:00:00,yes,19/11/2020,16:04:00,Topic 3,no,epitweetr,EI expert 2,16:00:00,19/11/2020 11:00,19/11/2020 16:04
19/11/2020,11:00:00,yes,19/11/2020,16:04:00,Topic 3,no,epitweetr,EI expert 2,16:00:00,19/11/2020 11:00,19/11/2020 16:04
10/11/2020,06:00:00,yes,10/11/2020,16:03:00,Topic 30,yes,epitweetr,EI expert 2,16:00:00,10/11/2020 06:00,10/11/2020 16:03
20/11/2020,09:20:00,yes,20/11/2020,09:30:00,Topic 30,yes,Twitter,EI expert 2,09:25:00,20/11/2020 09:20,20/11/2020 09:30
20/11/2020,09:20:00,yes,20/11/2020,09:33:00,Topic 30,yes,Twitter,EI expert 2,09:25:00,20/11/2020 09:20,20/11/2020 09:33
24/11/2020,15:03:00,yes,24/11/2020,16:30:00,Topic 30,yes,Twitter,EI expert 2,16:15:00,24/11/2020 15:03,24/11/2020 16:30
11/11/2020,09:38:00,yes,11/11/2020,10:15:00,Topic 31,yes,Twitter,EI expert 2,10:05:00,11/11/2020 09:38,11/11/2020 10:15
13/11/2020,09:32:00,yes,13/11/2020,09:47:00,Topic 31,yes,Twitter,EI expert 2,09:40:00,13/11/2020 09:32,13/11/2020 09:47
02/11/2020,12:00:00,yes,02/11/2020,12:46:00,Topic 32,yes,Twitter,EI expert 2,12:20:00,02/11/2020 12:00,02/11/2020 12:46
04/11/2020,08:40:00,yes,04/11/2020,09:08:00,Topic 32,yes,Twitter,EI expert 2,09:00:00,04/11/2020 08:40,04/11/2020 09:08
12/11/2020,09:30:00,yes,12/11/2020,10:12:00,Topic 32,yes,Twitter,EI expert 2,10:05:00,12/11/2020 09:30,12/11/2020 10:12
04/11/2020,08:20:00,yes,04/11/2020,09:12:00,Topic 33,yes,Twitter,EI expert 2,09:00:00,04/11/2020 08:20,04/11/2020 09:12
09/11/2020,05:00:00,no,09/11/2020,16:04:00,Topic 34,yes,epitweetr,EI expert 2,16:00:00,09/11/2020 05:00,09/11/2020 16:04
11/11/2020,23:00:00,no,12/11/2020,09:05:00,Topic 34,yes,epitweetr,EI expert 2,09:00:00,11/11/2020 23:00,12/11/2020 09:05
29/10/2020,14:06:00,yes,29/10/2020,14:47:00,Topic 35,yes,Twitter,EI expert 1,14:45:00,29/10/2020 14:06,29/10/2020 14:47
25/11/2020,17:15:00,yes,25/11/2020,17:38:00,Topic 36,yes,Twitter,EI expert 1,17:30:00,25/11/2020 17:15,25/11/2020 17:38
10/11/2020,12:00:00,no,10/11/2020,16:05:00,Topic 37,yes,epitweetr,EI expert 2,16:00:00,10/11/2020 12:00,10/11/2020 16:05
10/11/2020,12:00:00,no,10/11/2020,16:05:00,Topic 37,yes,epitweetr,EI expert 2,16:00:00,10/11/2020 12:00,10/11/2020 16:05
10/11/2020,12:00:00,no,10/11/2020,16:05:00,Topic 37,yes,epitweetr,EI expert 2,16:00:00,10/11/2020 12:00,10/11/2020 16:05
10/11/2020,12:00:00,no,10/11/2020,16:05:00,Topic 37,yes,epitweetr,EI expert 2,16:00:00,10/11/2020 12:00,10/11/2020 16:05
21/10/2020,14:00:00,no,22/10/2020,10:01:00,Topic 38,yes,epitweetr,EI expert 1,09:30:00,21/10/2020 14:00,22/10/2020 10:01
21/10/2020,14:00:00,no,22/10/2020,10:01:00,Topic 38,yes,epitweetr,EI expert 1,09:30:00,21/10/2020 14:00,22/10/2020 10:01
21/10/2020,14:00:00,no,22/10/2020,10:01:00,Topic 38,yes,epitweetr,EI expert 1,09:30:00,21/10/2020 14:00,22/10/2020 10:01
19/11/2020,23:00:00,yes,20/11/2020,09:07:00,Topic 39,yes,epitweetr,EI expert 2,09:00:00,19/11/2020 23:00,20/11/2020 09:07
20/11/2020,08:49:00,yes,20/11/2020,09:39:00,Topic 39,yes,Twitter,EI expert 2,09:25:00,20/11/2020 08:49,20/11/2020 09:39
21/10/2020,08:33:00,yes,21/10/2020,10:25:00,Topic 40,yes,Twitter,EI expert 1,10:00:00,21/10/2020 08:33,21/10/2020 10:25
02/11/2020,10:32:00,yes,02/11/2020,12:50:00,Topic 40,yes,Twitter,EI expert 2,12:20:00,02/11/2020 10:32,02/11/2020 12:50
10/11/2020,09:28:00,yes,10/11/2020,09:58:00,Topic 40,yes,Twitter,EI expert 2,09:48:00,10/11/2020 09:28,10/11/2020 09:58
09/11/2020,08:50:00,yes,09/11/2020,09:00:00,Topic 41a,yes,Twitter,EI expert 2,08:55:00,09/11/2020 08:50,09/11/2020 09:00
10/11/2020,09:35:00,yes,10/11/2020,09:52:00,Topic 41a,yes,Twitter,EI expert 2,09:48:00,10/11/2020 09:35,10/11/2020 09:52
19/11/2020,14:37:00,yes,19/11/2020,16:18:00,Topic 41b,yes,Twitter,EI expert 2,16:10:00,19/11/2020 14:37,19/11/2020 16:18
19/11/2020,16:00:00,yes,20/11/2020,09:04:00,Topic 41b,yes,epitweetr,EI expert 2,09:00:00,19/11/2020 16:00,20/11/2020 09:04
19/11/2020,23:00:00,yes,20/11/2020,09:10:00,Topic 41b,yes,epitweetr,EI expert 2,09:00:00,19/11/2020 23:00,20/11/2020 09:10
18/10/2020,20:00:00,no,19/10/2020,10:56:00,Topic 42a,yes,epitweetr,EI expert 1,10:50:00,18/10/2020 20:00,19/10/2020 10:56
19/10/2020,14:55:00,yes,19/10/2020,15:37:00,Topic 42a,yes,Twitter,EI expert 1,15:30:00,19/10/2020 14:55,19/10/2020 15:37
20/10/2020,14:12:00,yes,20/10/2020,14:47:00,Topic 42a,yes,Twitter,EI expert 1,14:45:00,20/10/2020 14:12,20/10/2020 14:47
20/10/2020,14:25:00,yes,20/10/2020,14:58:00,Topic 42a,yes,Twitter,EI expert 1,14:45:00,20/10/2020 14:25,20/10/2020 14:58
21/10/2020,09:50:00,yes,21/10/2020,10:08:00,Topic 42a,yes,Twitter,EI expert 1,10:00:00,21/10/2020 09:50,21/10/2020 10:08
21/10/2020,14:55:00,yes,21/10/2020,15:01:00,Topic 42a,yes,Twitter,EI expert 1,15:00:00,21/10/2020 14:55,21/10/2020 15:01
21/10/2020,21:14:00,yes,22/10/2020,15:26:00,Topic 42a,yes,Twitter,EI expert 1,15:20:00,21/10/2020 21:14,22/10/2020 15:26
22/10/2020,09:00:00,yes,22/10/2020,09:33:00,Topic 42a,yes,Twitter,EI expert 1,09:30:00,22/10/2020 09:00,22/10/2020 09:33
22/10/2020,08:15:00,yes,22/10/2020,09:44:00,Topic 42a,yes,Twitter,EI expert 1,09:30:00,22/10/2020 08:15,22/10/2020 09:44
22/10/2020,20:00:00,yes,22/10/2020,09:00:00,Topic 42a,yes,epitweetr,EI expert 1,08:55:00,22/10/2020 20:00,22/10/2020 09:00
23/10/2020,07:25:00,yes,23/10/2020,09:47:00,Topic 42a,yes,Twitter,EI expert 1,09:30:00,23/10/2020 07:25,23/10/2020 09:47
26/10/2020,12:20:00,yes,26/10/2020,15:01:00,Topic 42a,yes,Twitter,EI expert 1,14:45:00,26/10/2020 12:20,26/10/2020 15:01
27/10/2020,07:00:00,yes,27/10/2020,09:17:00,Topic 42a,yes,Twitter,EI expert 1,09:00:00,27/10/2020 07:00,27/10/2020 09:17
27/10/2020,14:00:00,yes,27/10/2020,15:23:00,Topic 42a,yes,Twitter,EI expert 1,15:15:00,27/10/2020 14:00,27/10/2020 15:23
05/11/2020,10:56:00,yes,05/11/2020,11:39:00,Topic 42a,yes,Twitter,EI expert 2,11:30:00,05/11/2020 10:56,05/11/2020 11:39
05/11/2020,11:13:00,yes,05/11/2020,11:39:00,Topic 42a,yes,Twitter,EI expert 2,11:30:00,05/11/2020 11:13,05/11/2020 11:39
05/11/2020,15:00:00,yes,06/11/2020,09:03:00,Topic 42a,yes,epitweetr,EI expert 2,09:00:00,05/11/2020 15:00,06/11/2020 09:03
05/11/2020,20:00:00,yes,06/11/2020,09:03:00,Topic 42a,yes,epitweetr,EI expert 2,09:00:00,05/11/2020 20:00,06/11/2020 09:03
13/11/2020,16:45:00,yes,13/11/2020,15:24:00,Topic 42a,yes,Twitter,EI expert 2,17:14:00,13/11/2020 16:45,13/11/2020 15:24
25/11/2020,08:30:00,yes,25/11/2020,09:42:00,Topic 42a,yes,Twitter,EI expert 1,09:30:00,25/11/2020 08:30,25/11/2020 09:42
04/11/2020,08:41:00,yes,04/11/2020,09:03:00,Topic 42b,yes,Twitter,EI expert 2,09:00:00,04/11/2020 08:41,04/11/2020 09:03
10/11/2020,09:25:00,yes,10/11/2020,09:59:00,Topic 42b,yes,Twitter,EI expert 2,09:48:00,10/11/2020 09:25,10/11/2020 09:59
10/11/2020,08:59:00,yes,10/11/2020,10:03:00,Topic 42b,yes,Twitter,EI expert 2,09:48:00,10/11/2020 08:59,10/11/2020 10:03
16/11/2020,09:00:00,yes,16/11/2020,09:07:00,Topic 42b,yes,Twitter,EI expert 2,09:05:00,16/11/2020 09:00,16/11/2020 09:07
19/11/2020,00:05:00,yes,19/11/2020,10:05:00,Topic 42b,yes,Twitter,EI expert 2,10:00:00,19/11/2020 00:05,19/11/2020 10:05
02/11/2020,12:16:00,yes,02/11/2020,12:27:00,Topic 42c,yes,Twitter,EI expert 2,12:20:00,02/11/2020 12:16,02/11/2020 12:27
16/11/2020,14:29:00,yes,16/11/2020,15:15:00,Topic 42d,yes,Twitter,EI expert 2,15:15:00,16/11/2020 14:29,16/11/2020 15:15
16/11/2020,14:44:00,yes,16/11/2020,15:17:00,Topic 42d,yes,Twitter,EI expert 2,15:15:00,16/11/2020 14:44,16/11/2020 15:17
16/11/2020,14:34:00,yes,16/11/2020,15:18:00,Topic 42d,yes,Twitter,EI expert 2,15:15:00,16/11/2020 14:34,16/11/2020 15:18
16/11/2020,14:34:00,yes,16/11/2020,15:19:00,Topic 42d,yes,Twitter,EI expert 2,15:15:00,16/11/2020 14:34,16/11/2020 15:19
16/11/2020,14:30:00,yes,16/11/2020,15:22:00,Topic 42d,yes,Twitter,EI expert 2,15:15:00,16/11/2020 14:30,16/11/2020 15:22
16/11/2020,13:57:00,yes,16/11/2020,15:24:00,Topic 42d,yes,Twitter,EI expert 2,15:15:00,16/11/2020 13:57,16/11/2020 15:24
16/11/2020,18:00:00,yes,17/11/2020,09:02:00,Topic 42d,yes,epitweetr,EI expert 2,09:00:00,16/11/2020 18:00,17/11/2020 09:02
17/11/2020,12:00:00,yes,17/11/2020,16:01:00,Topic 42d,yes,epitweetr,EI expert 2,16:00:00,17/11/2020 12:00,17/11/2020 16:01
17/11/2020,16:30:00,yes,17/11/2020,16:50:00,Topic 42d,yes,Twitter,EI expert 2,16:40:00,17/11/2020 16:30,17/11/2020 16:50
18/11/2020,15:50:00,yes,18/11/2020,16:00:00,Topic 42d,yes,Twitter,EI expert 2,16:00:00,18/11/2020 15:50,18/11/2020 16:00
03/11/2020,17:27:00,yes,03/11/2020,17:59:00,Topic 42e,yes,Twitter,EI expert 2,17:40:00,03/11/2020 17:27,03/11/2020 17:59
24/11/2020,15:20:00,yes,24/11/2020,16:30:00,Topic 42e,yes,Twitter,EI expert 2,16:15:00,24/11/2020 15:20,24/11/2020 16:30
19/11/2020,09:00:00,yes,19/11/2020,10:08:00,Topic 42f,yes,Twitter,EI expert 2,10:00:00,19/11/2020 09:00,19/11/2020 10:08
23/11/2020,09:20:00,yes,23/11/2020,09:20:00,Topic 42f,yes,Twitter,EI expert 2,09:15:00,23/11/2020 09:20,23/11/2020 09:20
23/11/2020,09:20:00,yes,23/11/2020,09:23:00,Topic 42f,yes,Twitter,EI expert 2,09:15:00,23/11/2020 09:20,23/11/2020 09:23
23/11/2020,09:20:00,yes,23/11/2020,09:24:00,Topic 42f,yes,Twitter,EI expert 2,09:15:00,23/11/2020 09:20,23/11/2020 09:24
23/11/2020,14:35:00,yes,23/11/2020,14:50:00,Topic 42f,yes,Twitter,EI expert 2,14:45:00,23/11/2020 14:35,23/11/2020 14:50
23/11/2020,14:20:00,yes,23/11/2020,14:51:00,Topic 42f,yes,Twitter,EI expert 2,14:45:00,23/11/2020 14:20,23/11/2020 14:51
23/11/2020,14:20:00,yes,23/11/2020,14:52:00,Topic 42f,yes,Twitter,EI expert 2,14:45:00,23/11/2020 14:20,23/11/2020 14:52
23/11/2020,14:15:00,yes,23/11/2020,14:56:00,Topic 42f,yes,Twitter,EI expert 2,14:45:00,23/11/2020 14:15,23/11/2020 14:56
26/11/2020,10:02:00,yes,26/11/2020,10:15:00,Topic 42f,yes,Twitter,EI expert 1,10:10:00,26/11/2020 10:02,26/11/2020 10:15
27/11/2020,08:45:00,yes,27/11/2020,09:47:00,Topic 42f,yes,Twitter,EI expert 1,09:30:00,27/11/2020 08:45,27/11/2020 09:47
26/11/2020,16:20:00,yes,26/11/2929,17:28:00,Topic 42f,yes,Twitter,EI expert 1,17:10:00,26/11/2020 16:20,26/11/2929 17:28
09/11/2020,23:00:00,yes,10/11/2020,08:45:00,Topic 42g,yes,epitweetr,EI expert 2,08:44:00,09/11/2020 23:00,10/11/2020 08:45
09/11/2020,23:00:00,yes,10/11/2020,08:45:00,Topic 42g,yes,epitweetr,EI expert 2,08:44:00,09/11/2020 23:00,10/11/2020 08:45
09/11/2020,18:00:00,yes,10/11/2020,08:45:00,Topic 42g,yes,epitweetr,EI expert 2,08:44:00,09/11/2020 18:00,10/11/2020 08:45
09/11/2020,15:00:00,yes,10/11/2020,08:45:00,Topic 42g,yes,epitweetr,EI expert 2,08:44:00,09/11/2020 15:00,10/11/2020 08:45
09/11/2020,18:00:00,yes,10/11/2020,08:50:00,Topic 42g,yes,epitweetr,EI expert 2,08:44:00,09/11/2020 18:00,10/11/2020 08:50
09/11/2020,18:00:00,yes,10/11/2020,08:50:00,Topic 42g,yes,epitweetr,EI expert 2,08:44:00,09/11/2020 18:00,10/11/2020 08:50
09/11/2020,23:00:00,yes,10/11/2020,08:50:00,Topic 42g,yes,epitweetr,EI expert 2,08:44:00,09/11/2020 23:00,10/11/2020 08:50
09/11/2020,18:00:00,yes,10/11/2020,08:50:00,Topic 42g,yes,epitweetr,EI expert 2,08:44:00,09/11/2020 18:00,10/11/2020 08:50
10/11/2020,12:00:00,yes,10/11/2020,16:00:00,Topic 42g,yes,epitweetr,EI expert 2,16:00:00,10/11/2020 12:00,10/11/2020 16:00
10/11/2020,12:00:00,yes,10/11/2020,16:00:00,Topic 42g,yes,epitweetr,EI expert 2,16:00:00,10/11/2020 12:00,10/11/2020 16:00
10/11/2020,12:00:00,yes,10/11/2020,16:00:00,Topic 42g,yes,epitweetr,EI expert 2,16:00:00,10/11/2020 12:00,10/11/2020 16:00
10/11/2020,12:00:00,yes,10/11/2020,16:00:00,Topic 42g,yes,epitweetr,EI expert 2,16:00:00,10/11/2020 12:00,10/11/2020 16:00
10/11/2020,12:00:00,yes,10/11/2020,16:00:00,Topic 42g,yes,epitweetr,EI expert 2,16:00:00,10/11/2020 12:00,10/11/2020 16:00
10/11/2020,12:00:00,yes,10/11/2020,16:00:00,Topic 42g,yes,epitweetr,EI expert 2,16:00:00,10/11/2020 12:00,10/11/2020 16:00
10/11/2020,12:00:00,yes,10/11/2020,16:00:00,Topic 42g,yes,epitweetr,EI expert 2,16:00:00,10/11/2020 12:00,10/11/2020 16:00
10/11/2020,12:00:00,yes,10/11/2020,16:00:00,Topic 42g,yes,epitweetr,EI expert 2,16:00:00,10/11/2020 12:00,10/11/2020 16:00
10/11/2020,12:00:00,yes,10/11/2020,16:00:00,Topic 42g,yes,epitweetr,EI expert 2,16:00:00,10/11/2020 12:00,10/11/2020 16:00
10/11/2020,12:00:00,yes,10/11/2020,16:00:00,Topic 42g,yes,epitweetr,EI expert 2,16:00:00,10/11/2020 12:00,10/11/2020 16:00
10/11/2020,12:00:00,yes,10/11/2020,16:00:00,Topic 42g,yes,epitweetr,EI expert 2,16:00:00,10/11/2020 12:00,10/11/2020 16:00
10/11/2020,15:05:00,yes,10/11/2020,15:44:00,Topic 42g,yes,Twitter,EI expert 2,15:35:00,10/11/2020 15:05,10/11/2020 15:44
18/11/2020,13:10:00,yes,18/11/2020,16:04:00,Topic 42g,yes,Twitter,EI expert 2,16:00:00,18/11/2020 13:10,18/11/2020 16:04
20/11/2020,09:01:00,yes,20/11/2020,09:36:00,Topic 42g,yes,Twitter,EI expert 2,09:25:00,20/11/2020 09:01,20/11/2020 09:36
20/11/2020,14:17:00,yes,20/11/2020,14:45:00,Topic 42g,yes,Twitter,EI expert 2,14:40:00,20/11/2020 14:17,20/11/2020 14:45
24/11/2020,16:00:00,yes,25/11/2020,09:52:00,Topic 42g,yes,epitweetr,EI expert 1,09:50:00,24/11/2020 16:00,25/11/2020 09:52
25/11/2020,16:33:00,yes,26/11/2020,10:31:00,Topic 42g,yes,Twitter,EI expert 1,10:10:00,25/11/2020 16:33,26/11/2020 10:31
12/11/2020,15:32:00,yes,12/11/2020,10:50:00,Topic 42h,yes,Twitter,EI expert 2,15:44:00,12/11/2020 15:32,12/11/2020 10:50
27/11/2020,08:31:00,yes,27/11/2020,09:35:00,Topic 42h,yes,Twitter,EI expert 1,09:30:00,27/11/2020 08:31,27/11/2020 09:35
27/11/2020,08:45:00,yes,27/11/2020,09:38:00,Topic 42h,yes,Twitter,EI expert 1,09:30:00,27/11/2020 08:45,27/11/2020 09:38
24/11/2020,16:00:00,yes,25/11/2020,10:00:00,Topic 42i,yes,epitweetr,EI expert 1,09:50:00,24/11/2020 16:00,25/11/2020 10:00
05/11/2020,09:05:00,yes,05/11/2020,09:10:00,Topic 42j,yes,Twitter,EI expert 2,09:05:00,05/11/2020 09:05,05/11/2020 09:10
26/11/2020,17:01:00,yes,26/11/2020,17:10:00,Topic 42k,yes,Twitter,EI expert 1,17:10:00,26/11/2020 17:01,26/11/2020 17:10
20/10/2020,04:00:00,yes,20/10/2020,09:30:00,Topic 43,no,epitweetr,EI expert 1,09:30:00,20/10/2020 04:00,20/10/2020 09:30
20/10/2020,04:00:00,yes,20/10/2020,09:30:00,Topic 43,no,epitweetr,EI expert 1,09:30:00,20/10/2020 04:00,20/10/2020 09:30
20/10/2020,04:00:00,yes,20/10/2020,09:30:00,Topic 43,no,epitweetr,EI expert 1,09:30:00,20/10/2020 04:00,20/10/2020 09:30
20/10/2020,04:00:00,yes,20/10/2020,09:30:00,Topic 43,no,epitweetr,EI expert 1,09:30:00,20/10/2020 04:00,20/10/2020 09:30
04/11/2020,12:00:00,no,05/11/2020,09:06:00,Topic 44,no,epitweetr,EI expert 2,08:55:00,04/11/2020 12:00,05/11/2020 09:06
23/11/2020,02:00:00,no,23/11/2020,09:32:00,Topic 44,no,epitweetr,EI expert 2,09:28:00,23/11/2020 02:00,23/11/2020 09:32
28/10/2020,03:00:00,yes,28/10/2020,09:04:00,Topic 45,no,epitweetr,EI expert 1,09:00:00,28/10/2020 03:00,28/10/2020 09:04
28/10/2020,03:00:00,yes,28/10/2020,09:04:00,Topic 45,no,epitweetr,EI expert 1,09:00:00,28/10/2020 03:00,28/10/2020 09:04
28/10/2020,03:00:00,yes,28/10/2020,09:04:00,Topic 45,no,epitweetr,EI expert 1,09:00:00,28/10/2020 03:00,28/10/2020 09:04
28/10/2020,03:00:00,yes,28/10/2020,09:04:00,Topic 45,no,epitweetr,EI expert 1,09:00:00,28/10/2020 03:00,28/10/2020 09:04
28/10/2020,03:00:00,yes,28/10/2020,09:04:00,Topic 45,no,epitweetr,EI expert 1,09:00:00,28/10/2020 03:00,28/10/2020 09:04
28/10/2020,03:00:00,yes,28/10/2020,09:04:00,Topic 45,no,epitweetr,EI expert 1,09:00:00,28/10/2020 03:00,28/10/2020 09:04
28/10/2020,03:00:00,yes,28/10/2020,09:04:00,Topic 45,no,epitweetr,EI expert 1,09:00:00,28/10/2020 03:00,28/10/2020 09:04
28/10/2020,03:00:00,yes,28/10/2020,09:04:00,Topic 45,no,epitweetr,EI expert 1,09:00:00,28/10/2020 03:00,28/10/2020 09:04
28/10/2020,03:00:00,yes,28/10/2020,09:04:00,Topic 45,no,epitweetr,EI expert 1,09:00:00,28/10/2020 03:00,28/10/2020 09:04
28/10/2020,03:00:00,yes,28/10/2020,09:04:00,Topic 45,no,epitweetr,EI expert 1,09:00:00,28/10/2020 03:00,28/10/2020 09:04
28/10/2020,03:00:00,yes,28/10/2020,09:04:00,Topic 45,no,epitweetr,EI expert 1,09:00:00,28/10/2020 03:00,28/10/2020 09:04
28/10/2020,04:00:00,yes,28/10/2020,15:03:00,Topic 45,no,epitweetr,EI expert 1,14:50:00,28/10/2020 04:00,28/10/2020 15:03
28/10/2020,04:00:00,yes,28/10/2020,15:03:00,Topic 45,no,epitweetr,EI expert 1,14:50:00,28/10/2020 04:00,28/10/2020 15:03
28/10/2020,04:00:00,yes,28/10/2020,15:03:00,Topic 45,no,epitweetr,EI expert 1,14:50:00,28/10/2020 04:00,28/10/2020 15:03
28/10/2020,04:00:00,yes,28/10/2020,15:03:00,Topic 45,no,epitweetr,EI expert 1,14:50:00,28/10/2020 04:00,28/10/2020 15:03
28/10/2020,12:00:00,yes,28/10/2020,15:03:00,Topic 45,no,epitweetr,EI expert 1,14:50:00,28/10/2020 12:00,28/10/2020 15:03
28/10/2020,09:00:00,yes,28/10/2020,15:03:00,Topic 45,no,epitweetr,EI expert 1,14:50:00,28/10/2020 09:00,28/10/2020 15:03
28/10/2020,12:00:00,yes,28/10/2020,15:03:00,Topic 45,no,epitweetr,EI expert 1,14:50:00,28/10/2020 12:00,28/10/2020 15:03
28/10/2020,04:00:00,yes,28/10/2020,15:03:00,Topic 45,no,epitweetr,EI expert 1,14:50:00,28/10/2020 04:00,28/10/2020 15:03
28/10/2020,04:00:00,yes,28/10/2020,15:03:00,Topic 45,no,epitweetr,EI expert 1,14:50:00,28/10/2020 04:00,28/10/2020 15:03
29/10/2020,03:00:00,yes,29/10/2020,08:35:00,Topic 45,no,epitweetr,EI expert 1,08:30:00,29/10/2020 03:00,29/10/2020 08:35
29/10/2020,03:00:00,yes,29/10/2020,08:35:00,Topic 45,no,epitweetr,EI expert 1,08:30:00,29/10/2020 03:00,29/10/2020 08:35
29/10/2020,03:00:00,yes,29/10/2020,08:35:00,Topic 45,no,epitweetr,EI expert 1,08:30:00,29/10/2020 03:00,29/10/2020 08:35
29/10/2020,03:00:00,yes,29/10/2020,08:35:00,Topic 45,no,epitweetr,EI expert 1,08:30:00,29/10/2020 03:00,29/10/2020 08:35
29/10/2020,03:00:00,yes,29/10/2020,08:35:00,Topic 45,no,epitweetr,EI expert 1,08:30:00,29/10/2020 03:00,29/10/2020 08:35
29/10/2020,03:00:00,yes,29/10/2020,08:35:00,Topic 45,no,epitweetr,EI expert 1,08:30:00,29/10/2020 03:00,29/10/2020 08:35
29/10/2020,03:00:00,yes,29/10/2020,08:35:00,Topic 45,no,epitweetr,EI expert 1,08:30:00,29/10/2020 03:00,29/10/2020 08:35
29/10/2020,12:00:00,yes,29/10/2020,15:46:00,Topic 45,no,epitweetr,EI expert 1,15:40:00,29/10/2020 12:00,29/10/2020 15:46
29/10/2020,12:00:00,yes,29/10/2020,15:46:00,Topic 45,no,epitweetr,EI expert 1,15:40:00,29/10/2020 12:00,29/10/2020 15:46
29/10/2020,12:00:00,yes,29/10/2020,15:46:00,Topic 45,no,epitweetr,EI expert 1,15:40:00,29/10/2020 12:00,29/10/2020 15:46
29/10/2020,06:00:00,yes,29/10/2020,15:46:00,Topic 45,no,epitweetr,EI expert 1,15:40:00,29/10/2020 06:00,29/10/2020 15:46
30/10/2020,17:05:00,yes,30/10/2020,17:10:00,Topic 45,no,Twitter,EI expert 1,17:10:00,30/10/2020 17:05,30/10/2020 17:10
30/10/2020,04:00:00,yes,30/10/2020,16:21:00,Topic 45,no,epitweetr,EI expert 1,16:20:00,30/10/2020 04:00,30/10/2020 16:21
02/11/2020,17:00:00,yes,02/11/2020,12:15:00,Topic 45,no,epitweetr,EI expert 2,12:00:00,02/11/2020 17:00,02/11/2020 12:15
04/11/2020,23:00:00,yes,05/11/2020,09:13:00,Topic 45,no,epitweetr,EI expert 2,08:55:00,04/11/2020 23:00,05/11/2020 09:13
05/11/2020,12:00:00,yes,06/11/2020,09:01:00,Topic 45,no,epitweetr,EI expert 2,09:00:00,05/11/2020 12:00,06/11/2020 09:01
05/11/2020,12:00:00,yes,06/11/2020,09:01:00,Topic 45,no,epitweetr,EI expert 2,09:00:00,05/11/2020 12:00,06/11/2020 09:01
05/11/2020,20:00:00,yes,06/11/2020,09:01:00,Topic 45,no,epitweetr,EI expert 2,09:00:00,05/11/2020 20:00,06/11/2020 09:01
05/11/2020,12:00:00,yes,06/11/2020,09:01:00,Topic 45,no,epitweetr,EI expert 2,09:00:00,05/11/2020 12:00,06/11/2020 09:01
05/11/2020,12:00:00,yes,06/11/2020,09:01:00,Topic 45,no,epitweetr,EI expert 2,09:00:00,05/11/2020 12:00,06/11/2020 09:01
19/11/2020,23:00:00,yes,20/11/2020,09:13:00,Topic 46,no,epitweetr,EI expert 2,09:00:00,19/11/2020 23:00,20/11/2020 09:13
30/10/2020,16:41:00,yes,30/10/2020,17:13:00,Topic 47,no,Twitter,EI expert 1,17:10:00,30/10/2020 16:41,30/10/2020 17:13
02/11/2020,16:20:00,yes,02/11/2020,17:17:00,Topic 47,no,Twitter,EI expert 2,16:45:00,02/11/2020 16:20,02/11/2020 17:17
03/11/2020,10:07:00,yes,03/11/2020,10:10:00,Topic 47,no,Twitter,EI expert 2,09:45:00,03/11/2020 10:07,03/11/2020 10:10
19/10/2020,15:04:00,yes,19/10/2020,15:35:00,Topic 48a,no,Twitter,EI expert 1,15:30:00,19/10/2020 15:04,19/10/2020 15:35
21/10/2020,00:00:00,no,21/10/2020,09:37:00,Topic 48a,no,epitweetr,EI expert 1,09:30:00,21/10/2020 00:00,21/10/2020 09:37
21/10/2020,09:34:00,yes,21/10/2020,10:18:00,Topic 48a,no,Twitter,EI expert 1,10:00:00,21/10/2020 09:34,21/10/2020 10:18
26/11/2020,03:00:00,no,26/11/2020,09:05:00,Topic 48b,no,epitweetr,EI expert 1,09:00:00,26/11/2020 03:00,26/11/2020 09:05
05/11/2020,12:00:00,no,06/11/2020,09:09:00,Topic 48c,no,epitweetr,EI expert 2,09:00:00,05/11/2020 12:00,06/11/2020 09:09
19/10/2020,04:00:00,no,19/10/2020,15:45:00,Topic 48d,no,epitweetr,EI expert 1,15:45:00,19/10/2020 04:00,19/10/2020 15:45
19/10/2020,10:00:00,no,19/10/2020,15:45:00,Topic 48d,no,epitweetr,EI expert 1,15:45:00,19/10/2020 10:00,19/10/2020 15:45
19/10/2020,10:00:00,no,19/10/2020,15:45:00,Topic 48d,no,epitweetr,EI expert 1,15:45:00,19/10/2020 10:00,19/10/2020 15:45
19/10/2020,11:00:00,no,19/10/2020,15:45:00,Topic 48d,no,epitweetr,EI expert 1,15:45:00,19/10/2020 11:00,19/10/2020 15:45
19/10/2020,11:00:00,no,19/10/2020,15:45:00,Topic 48d,no,epitweetr,EI expert 1,15:45:00,19/10/2020 11:00,19/10/2020 15:45
02/11/2020,12:00:00,yes,02/11/2020,16:24:00,Topic 48d,no,epitweetr,EI expert 2,16:20:00,02/11/2020 12:00,02/11/2020 16:24
02/11/2020,12:00:00,yes,02/11/2020,16:24:00,Topic 48d,no,epitweetr,EI expert 2,16:20:00,02/11/2020 12:00,02/11/2020 16:24
02/11/2020,12:00:00,yes,02/11/2020,16:24:00,Topic 48d,no,epitweetr,EI expert 2,16:20:00,02/11/2020 12:00,02/11/2020 16:24
02/11/2020,12:00:00,yes,02/11/2020,16:24:00,Topic 48d,no,epitweetr,EI expert 2,16:20:00,02/11/2020 12:00,02/11/2020 16:24
03/11/2020,15:00:00,no,03/11/2020,10:33:00,Topic 48d,no,epitweetr,EI expert 2,10:30:00,03/11/2020 15:00,03/11/2020 10:33
18/11/2020,15:47:00,yes,18/11/2020,16:02:00,Topic 48e,no,Twitter,EI expert 2,16:00:00,18/11/2020 15:47,18/11/2020 16:02
18/11/2020,15:40:00,yes,18/11/2020,16:02:00,Topic 48e,no,Twitter,EI expert 2,16:00:00,18/11/2020 15:40,18/11/2020 16:02
18/11/2020,12:00:00,yes,18/11/2020,16:34:00,Topic 48e,no,epitweetr,EI expert 2,16:30:00,18/11/2020 12:00,18/11/2020 16:34
18/11/2020,12:00:00,yes,18/11/2020,16:34:00,Topic 48e,no,epitweetr,EI expert 2,16:30:00,18/11/2020 12:00,18/11/2020 16:34
18/11/2020,12:00:00,yes,18/11/2020,16:34:00,Topic 48e,no,epitweetr,EI expert 2,16:30:00,18/11/2020 12:00,18/11/2020 16:34
18/11/2020,12:00:00,yes,18/11/2020,16:34:00,Topic 48e,no,epitweetr,EI expert 2,16:30:00,18/11/2020 12:00,18/11/2020 16:34
18/11/2020,12:00:00,yes,18/11/2020,16:34:00,Topic 48e,no,epitweetr,EI expert 2,16:30:00,18/11/2020 12:00,18/11/2020 16:34
19/11/2020,09:37:00,yes,19/11/2020,10:02:00,Topic 48e,no,Twitter,EI expert 2,10:00:00,19/11/2020 09:37,19/11/2020 10:02
19/11/2020,02:00:00,yes,19/11/2020,09:04:00,Topic 48e,no,epitweetr,EI expert 2,09:00:00,19/11/2020 02:00,19/11/2020 09:04
19/11/2020,02:00:00,yes,19/11/2020,09:04:00,Topic 48e,no,epitweetr,EI expert 2,09:00:00,19/11/2020 02:00,19/11/2020 09:04
19/11/2020,11:00:00,yes,19/11/2020,16:03:00,Topic 48e,no,epitweetr,EI expert 2,16:00:00,19/11/2020 11:00,19/11/2020 16:03
19/11/2020,11:00:00,yes,19/11/2020,16:03:00,Topic 48e,no,epitweetr,EI expert 2,16:00:00,19/11/2020 11:00,19/11/2020 16:03
19/11/2020,11:00:00,yes,19/11/2020,16:03:00,Topic 48e,no,epitweetr,EI expert 2,16:00:00,19/11/2020 11:00,19/11/2020 16:03
20/10/2020,17:00:00,yes,21/10/2020,09:44:00,Topic 48f,no,epitweetr,EI expert 1,09:30:00,20/10/2020 17:00,21/10/2020 09:44
26/10/2020,03:00:00,no,26/10/2020,10:08:00,Topic 49,no,epitweetr,EI expert 1,10:00:00,26/10/2020 03:00,26/10/2020 10:08
04/11/2020,13:57 (Nov3),yes,04/11/2020,17:12:00,Topic 4a,no,Twitter,EI expert 2,17:00:00,04/11/2020 13:57 (Nov3),04/11/2020 17:12
19/11/2020,15:44:00,yes,19/11/2020,16:20:00,Topic 4a,no,Twitter,EI expert 2,16:10:00,19/11/2020 15:44,19/11/2020 16:20
20/11/2020,14:13:00,yes,20/11/2020,14:48:00,Topic 4a,no,Twitter,EI expert 2,14:40:00,20/11/2020 14:13,20/11/2020 14:48
04/11/2020,23:00:00,yes,05/11/2020,09:12:00,Topic 4b,no,epitweetr,EI expert 2,08:55:00,04/11/2020 23:00,05/11/2020 09:12
05/11/2020,23:00:00,yes,06/11/2020,09:12:00,Topic 4b,no,epitweetr,EI expert 2,09:00:00,05/11/2020 23:00,06/11/2020 09:12
05/11/2020,12:00:00,yes,06/11/2020,09:12:00,Topic 4b,no,epitweetr,EI expert 2,09:00:00,05/11/2020 12:00,06/11/2020 09:12
26/11/2020,09:24:00,yes,26/11/2020,10:10:00,Topic 4c,no,Twitter,EI expert 1,10:10:00,26/11/2020 09:24,26/11/2020 10:10
10/11/2020,14:59:00,yes,10/11/2020,15:48:00,Topic 4d,no,Twitter,EI expert 2,15:35:00,10/11/2020 14:59,10/11/2020 15:48
22/10/2020,23:14:00,yes,23/10/2020,09:40:00,Topic 4e,no,Twitter,EI expert 1,09:30:00,22/10/2020 23:14,23/10/2020 09:40
10/11/2020,15:21:00,yes,10/11/2020,15:39:00,Topic 4e,no,Twitter,EI expert 2,15:35:00,10/11/2020 15:21,10/11/2020 15:39
24/11/2020,00:00:00,yes,24/11/2020,09:35:00,Topic 4e,no,epitweetr,EI expert 1,09:00:00,24/11/2020 00:00,24/11/2020 09:35
24/11/2020,00:00:00,yes,24/11/2020,09:35:00,Topic 4e,no,epitweetr,EI expert 1,09:00:00,24/11/2020 00:00,24/11/2020 09:35
24/11/2020,00:00:00,yes,24/11/2020,09:35:00,Topic 4e,no,epitweetr,EI expert 1,09:00:00,24/11/2020 00:00,24/11/2020 09:35
24/11/2020,16:00:00,yes,25/11/2020,10:12:00,Topic 4e,no,epitweetr,EI expert 1,09:50:00,24/11/2020 16:00,25/11/2020 10:12
24/11/2020,16:00:00,yes,25/11/2020,10:12:00,Topic 4e,no,epitweetr,EI expert 1,09:50:00,24/11/2020 16:00,25/11/2020 10:12
24/11/2020,16:00:00,yes,25/11/2020,10:12:00,Topic 4e,no,epitweetr,EI expert 1,09:50:00,24/11/2020 16:00,25/11/2020 10:12
24/11/2020,16:00:00,yes,25/11/2020,10:12:00,Topic 4e,no,epitweetr,EI expert 1,09:50:00,24/11/2020 16:00,25/11/2020 10:12
24/11/2020,16:00:00,yes,25/11/2020,10:12:00,Topic 4e,no,epitweetr,EI expert 1,09:50:00,24/11/2020 16:00,25/11/2020 10:12
24/11/2020,09:53:00,no,24/11/2020,10:34:00,Topic 4f,no,Twitter,EI expert 2,10:30:00,24/11/2020 09:53,24/11/2020 10:34
18/10/2020,22:00:00,no,19/10/2020,11:07:00,Topic 5,no,epitweetr,EI expert 1,10:50:00,18/10/2020 22:00,19/10/2020 11:07
03/11/2020,06:00:00,no,03/11/2020,15:04:00,Topic 5,no,epitweetr,EI expert 2,15:00:00,03/11/2020 06:00,03/11/2020 15:04
03/11/2020,09:14:00,yes,03/11/2020,10:00:00,Topic 50,no,Twitter,EI expert 2,09:45:00,03/11/2020 09:14,03/11/2020 10:00
24/11/2020,07:00:00,no,24/11/2020,15:15:00,Topic 51,no,epitweetr,EI expert 1,15:00:00,24/11/2020 07:00,24/11/2020 15:15
24/11/2020,07:00:00,no,24/11/2020,15:15:00,Topic 51,no,epitweetr,EI expert 1,15:00:00,24/11/2020 07:00,24/11/2020 15:15
28/10/2020,06:00:00,yes,28/10/2020,15:17:00,Topic 52,no,epitweetr,EI expert 1,14:50:00,28/10/2020 06:00,28/10/2020 15:17
28/10/2020,06:00:00,yes,28/10/2020,15:17:00,Topic 52,no,epitweetr,EI expert 1,14:50:00,28/10/2020 06:00,28/10/2020 15:17
28/10/2020,06:00:00,yes,28/10/2020,15:17:00,Topic 52,no,epitweetr,EI expert 1,14:50:00,28/10/2020 06:00,28/10/2020 15:17
02/11/2020,12:00:00,yes,02/11/2020,12:12:00,Topic 53,no,epitweetr,EI expert 2,12:00:00,02/11/2020 12:00,02/11/2020 12:12
03/11/2020,20:00:00,no,03/11/2020,10:36:00,Topic 54,no,epitweetr,EI expert 2,10:30:00,03/11/2020 20:00,03/11/2020 10:36
27/10/2020,07:00:00,yes,27/10/2020,15:31:00,Topic 55,no,epitweetr,EI expert 1,15:20:00,27/10/2020 07:00,27/10/2020 15:31
27/10/2020,04:00:00,yes,27/10/2020,15:31:00,Topic 55,no,epitweetr,EI expert 1,15:20:00,27/10/2020 04:00,27/10/2020 15:31
28/10/2020,03:00:00,yes,28/10/2020,09:07:00,Topic 55,no,epitweetr,EI expert 1,09:00:00,28/10/2020 03:00,28/10/2020 09:07
28/10/2020,03:00:00,yes,28/10/2020,09:07:00,Topic 55,no,epitweetr,EI expert 1,09:00:00,28/10/2020 03:00,28/10/2020 09:07
28/10/2020,03:00:00,yes,28/10/2020,09:07:00,Topic 55,no,epitweetr,EI expert 1,09:00:00,28/10/2020 03:00,28/10/2020 09:07
28/10/2020,03:00:00,yes,28/10/2020,09:07:00,Topic 55,no,epitweetr,EI expert 1,09:00:00,28/10/2020 03:00,28/10/2020 09:07
29/10/2020,03:00:00,yes,29/10/2020,08:36:00,Topic 55,no,epitweetr,EI expert 1,08:30:00,29/10/2020 03:00,29/10/2020 08:36
29/10/2020,03:00:00,yes,29/10/2020,08:36:00,Topic 55,no,epitweetr,EI expert 1,08:30:00,29/10/2020 03:00,29/10/2020 08:36
29/10/2020,03:00:00,yes,29/10/2020,08:36:00,Topic 55,no,epitweetr,EI expert 1,08:30:00,29/10/2020 03:00,29/10/2020 08:36
29/10/2020,03:00:00,yes,29/10/2020,08:36:00,Topic 55,no,epitweetr,EI expert 1,08:30:00,29/10/2020 03:00,29/10/2020 08:36
29/10/2020,03:00:00,yes,29/10/2020,08:36:00,Topic 55,no,epitweetr,EI expert 1,08:30:00,29/10/2020 03:00,29/10/2020 08:36
29/10/2020,03:00:00,yes,29/10/2020,08:36:00,Topic 55,no,epitweetr,EI expert 1,08:30:00,29/10/2020 03:00,29/10/2020 08:36
29/10/2020,03:00:00,yes,29/10/2020,08:36:00,Topic 55,no,epitweetr,EI expert 1,08:30:00,29/10/2020 03:00,29/10/2020 08:36
23/11/2020,02:00:00,yes,23/11/2020,09:30:00,Topic 56,no,epitweetr,EI expert 2,09:28:00,23/11/2020 02:00,23/11/2020 09:30
04/11/2020,12:00:00,yes,05/11/2020,09:00:00,Topic 57,no,epitweetr,EI expert 2,08:55:00,04/11/2020 12:00,05/11/2020 09:00
03/11/2020,20:00:00,yes,04/11/2020,09:40:00,Topic 58a,no,epitweetr,EI expert 2,09:30:00,03/11/2020 20:00,04/11/2020 09:40
04/11/2020,12:00:00,yes,05/11/2020,09:07:00,Topic 58a,no,epitweetr,EI expert 2,08:55:00,04/11/2020 12:00,05/11/2020 09:07
09/11/2020,18:00:00,no,10/11/2020,08:48:00,Topic 58b,no,epitweetr,EI expert 2,08:44:00,09/11/2020 18:00,10/11/2020 08:48
09/11/2020,18:00:00,no,10/11/2020,08:48:00,Topic 58b,no,epitweetr,EI expert 2,08:44:00,09/11/2020 18:00,10/11/2020 08:48
09/11/2020,23:00:00,no,10/11/2020,08:48:00,Topic 58b,no,epitweetr,EI expert 2,08:44:00,09/11/2020 23:00,10/11/2020 08:48
09/11/2020,15:00:00,no,10/11/2020,08:48:00,Topic 58b,no,epitweetr,EI expert 2,08:44:00,09/11/2020 15:00,10/11/2020 08:48
10/11/2020,12:00:00,yes,10/11/2020,16:07:00,Topic 58b,no,epitweetr,EI expert 2,16:00:00,10/11/2020 12:00,10/11/2020 16:07
10/11/2020,12:00:00,yes,10/11/2020,16:07:00,Topic 58b,no,epitweetr,EI expert 2,16:00:00,10/11/2020 12:00,10/11/2020 16:07
10/11/2020,12:00:00,yes,10/11/2020,16:07:00,Topic 58b,no,epitweetr,EI expert 2,16:00:00,10/11/2020 12:00,10/11/2020 16:07
10/11/2020,12:00:00,yes,10/11/2020,16:07:00,Topic 58b,no,epitweetr,EI expert 2,16:00:00,10/11/2020 12:00,10/11/2020 16:07
10/11/2020,12:00:00,yes,10/11/2020,16:07:00,Topic 58b,no,epitweetr,EI expert 2,16:00:00,10/11/2020 12:00,10/11/2020 16:07
10/11/2020,12:00:00,yes,10/11/2020,16:07:00,Topic 58b,no,epitweetr,EI expert 2,16:00:00,10/11/2020 12:00,10/11/2020 16:07
20/10/2020,14:00:00,no,21/10/2020,09:39:00,Topic 59,no,epitweetr,EI expert 1,09:30:00,20/10/2020 14:00,21/10/2020 09:39
19/11/2020,15:55:00,yes,19/11/2020,16:15:00,Topic 6,no,Twitter,EI expert 2,16:10:00,19/11/2020 15:55,19/11/2020 16:15
11/11/2020,09:36:00,no,11/11/2020,10:14:00,Topic 60,no,Twitter,EI expert 2,10:05:00,11/11/2020 09:36,11/11/2020 10:14
27/10/2020,12:00:00,yes,27/10/2020,15:20:00,Topic 61,no,epitweetr,EI expert 1,15:20:00,27/10/2020 12:00,27/10/2020 15:20
27/10/2020,12:00:00,yes,27/10/2020,15:20:00,Topic 61,no,epitweetr,EI expert 1,15:20:00,27/10/2020 12:00,27/10/2020 15:20
27/10/2020,12:00:00,yes,27/10/2020,15:20:00,Topic 61,no,epitweetr,EI expert 1,15:20:00,27/10/2020 12:00,27/10/2020 15:20
27/10/2020,12:00:00,yes,27/10/2020,15:20:00,Topic 61,no,epitweetr,EI expert 1,15:20:00,27/10/2020 12:00,27/10/2020 15:20
27/10/2020,12:00:00,yes,27/10/2020,15:20:00,Topic 61,no,epitweetr,EI expert 1,15:20:00,27/10/2020 12:00,27/10/2020 15:20
27/10/2020,12:00:00,yes,27/10/2020,15:20:00,Topic 61,no,epitweetr,EI expert 1,15:20:00,27/10/2020 12:00,27/10/2020 15:20
27/10/2020,12:00:00,yes,27/10/2020,15:20:00,Topic 61,no,epitweetr,EI expert 1,15:20:00,27/10/2020 12:00,27/10/2020 15:20
27/10/2020,12:00:00,yes,27/10/2020,15:20:00,Topic 61,no,epitweetr,EI expert 1,15:20:00,27/10/2020 12:00,27/10/2020 15:20
27/10/2020,12:00:00,yes,27/10/2020,15:20:00,Topic 61,no,epitweetr,EI expert 1,15:20:00,27/10/2020 12:00,27/10/2020 15:20
27/10/2020,12:00:00,yes,27/10/2020,15:20:00,Topic 61,no,epitweetr,EI expert 1,15:20:00,27/10/2020 12:00,27/10/2020 15:20
27/10/2020,12:00:00,yes,27/10/2020,15:20:00,Topic 61,no,epitweetr,EI expert 1,15:20:00,27/10/2020 12:00,27/10/2020 15:20
27/10/2020,06:00:00,yes,27/10/2020,15:20:00,Topic 61,no,epitweetr,EI expert 1,15:20:00,27/10/2020 06:00,27/10/2020 15:20
27/10/2020,06:00:00,yes,27/10/2020,15:20:00,Topic 61,no,epitweetr,EI expert 1,15:20:00,27/10/2020 06:00,27/10/2020 15:20
27/10/2020,12:00:00,yes,27/10/2020,15:20:00,Topic 61,no,epitweetr,EI expert 1,15:20:00,27/10/2020 12:00,27/10/2020 15:20
27/10/2020,12:00:00,yes,27/10/2020,15:20:00,Topic 61,no,epitweetr,EI expert 1,15:20:00,27/10/2020 12:00,27/10/2020 15:20
28/10/2020,12:00:00,yes,28/10/2020,14:52:00,Topic 61,no,epitweetr,EI expert 1,14:50:00,28/10/2020 12:00,28/10/2020 14:52
28/10/2020,12:00:00,yes,28/10/2020,14:52:00,Topic 61,no,epitweetr,EI expert 1,14:50:00,28/10/2020 12:00,28/10/2020 14:52
28/10/2020,12:00:00,yes,28/10/2020,14:52:00,Topic 61,no,epitweetr,EI expert 1,14:50:00,28/10/2020 12:00,28/10/2020 14:52
28/10/2020,12:00:00,yes,28/10/2020,14:52:00,Topic 61,no,epitweetr,EI expert 1,14:50:00,28/10/2020 12:00,28/10/2020 14:52
28/10/2020,12:00:00,yes,28/10/2020,14:52:00,Topic 61,no,epitweetr,EI expert 1,14:50:00,28/10/2020 12:00,28/10/2020 14:52
28/10/2020,12:00:00,yes,28/10/2020,14:52:00,Topic 61,no,epitweetr,EI expert 1,14:50:00,28/10/2020 12:00,28/10/2020 14:52
28/10/2020,12:00:00,yes,28/10/2020,14:52:00,Topic 61,no,epitweetr,EI expert 1,14:50:00,28/10/2020 12:00,28/10/2020 14:52
28/10/2020,12:00:00,yes,28/10/2020,14:52:00,Topic 61,no,epitweetr,EI expert 1,14:50:00,28/10/2020 12:00,28/10/2020 14:52
28/10/2020,12:00:00,yes,28/10/2020,14:52:00,Topic 61,no,epitweetr,EI expert 1,14:50:00,28/10/2020 12:00,28/10/2020 14:52
28/10/2020,12:00:00,yes,28/10/2020,14:52:00,Topic 61,no,epitweetr,EI expert 1,14:50:00,28/10/2020 12:00,28/10/2020 14:52
28/10/2020,12:00:00,yes,28/10/2020,14:52:00,Topic 61,no,epitweetr,EI expert 1,14:50:00,28/10/2020 12:00,28/10/2020 14:52
28/10/2020,12:00:00,yes,28/10/2020,14:52:00,Topic 61,no,epitweetr,EI expert 1,14:50:00,28/10/2020 12:00,28/10/2020 14:52
28/10/2020,12:00:00,yes,28/10/2020,14:52:00,Topic 61,no,epitweetr,EI expert 1,14:50:00,28/10/2020 12:00,28/10/2020 14:52
28/10/2020,12:00:00,yes,28/10/2020,14:52:00,Topic 61,no,epitweetr,EI expert 1,14:50:00,28/10/2020 12:00,28/10/2020 14:52
29/10/2020,03:00:00,yes,29/10/2020,08:31:00,Topic 61,no,epitweetr,EI expert 1,08:30:00,29/10/2020 03:00,29/10/2020 08:31
29/10/2020,03:00:00,yes,29/10/2020,08:31:00,Topic 61,no,epitweetr,EI expert 1,08:30:00,29/10/2020 03:00,29/10/2020 08:31
29/10/2020,03:00:00,yes,29/10/2020,08:31:00,Topic 61,no,epitweetr,EI expert 1,08:30:00,29/10/2020 03:00,29/10/2020 08:31
29/10/2020,12:00:00,yes,29/10/2020,15:41:00,Topic 61,no,epitweetr,EI expert 1,15:40:00,29/10/2020 12:00,29/10/2020 15:41
29/10/2020,12:00:00,yes,29/10/2020,15:41:00,Topic 61,no,epitweetr,EI expert 1,15:40:00,29/10/2020 12:00,29/10/2020 15:41
29/10/2020,12:00:00,yes,29/10/2020,15:41:00,Topic 61,no,epitweetr,EI expert 1,15:40:00,29/10/2020 12:00,29/10/2020 15:41
29/10/2020,12:00:00,yes,29/10/2020,15:41:00,Topic 61,no,epitweetr,EI expert 1,15:40:00,29/10/2020 12:00,29/10/2020 15:41
29/10/2020,12:00:00,yes,29/10/2020,15:41:00,Topic 61,no,epitweetr,EI expert 1,15:40:00,29/10/2020 12:00,29/10/2020 15:41
29/10/2020,12:00:00,yes,29/10/2020,15:41:00,Topic 61,no,epitweetr,EI expert 1,15:40:00,29/10/2020 12:00,29/10/2020 15:41
29/10/2020,12:00:00,yes,29/10/2020,15:41:00,Topic 61,no,epitweetr,EI expert 1,15:40:00,29/10/2020 12:00,29/10/2020 15:41
29/10/2020,12:00:00,yes,29/10/2020,15:41:00,Topic 61,no,epitweetr,EI expert 1,15:40:00,29/10/2020 12:00,29/10/2020 15:41
29/10/2020,12:00:00,yes,29/10/2020,15:41:00,Topic 61,no,epitweetr,EI expert 1,15:40:00,29/10/2020 12:00,29/10/2020 15:41
29/10/2020,12:00:00,yes,29/10/2020,15:41:00,Topic 61,no,epitweetr,EI expert 1,15:40:00,29/10/2020 12:00,29/10/2020 15:41
29/10/2020,12:00:00,yes,29/10/2020,15:41:00,Topic 61,no,epitweetr,EI expert 1,15:40:00,29/10/2020 12:00,29/10/2020 15:41
29/10/2020,12:00:00,yes,29/10/2020,15:41:00,Topic 61,no,epitweetr,EI expert 1,15:40:00,29/10/2020 12:00,29/10/2020 15:41
30/10/2020,03:00:00,yes,30/10/2020,09:01:00,Topic 61,no,epitweetr,EI expert 1,09:00:00,30/10/2020 03:00,30/10/2020 09:01
30/10/2020,08:34:00,yes,30/10/2020,09:08:00,Topic 61,no,Twitter,EI expert 1,09:00:00,30/10/2020 08:34,30/10/2020 09:08
30/10/2020,16:48:00,yes,30/10/2020,17:12:00,Topic 61,no,Twitter,EI expert 1,17:10:00,30/10/2020 16:48,30/10/2020 17:12
30/10/2020,03:00:00,yes,30/10/2020,09:01:00,Topic 61,no,epitweetr,EI expert 1,09:00:00,30/10/2020 03:00,30/10/2020 09:01
30/10/2020,03:00:00,yes,30/10/2020,09:01:00,Topic 61,no,epitweetr,EI expert 1,09:00:00,30/10/2020 03:00,30/10/2020 09:01
16/11/2020,18:00:00,yes,17/11/2020,09:08:00,Topic 61,no,epitweetr,EI expert 2,09:00:00,16/11/2020 18:00,17/11/2020 09:08
16/11/2020,14:00:00,yes,17/11/2020,09:08:00,Topic 61,no,epitweetr,EI expert 2,09:00:00,16/11/2020 14:00,17/11/2020 09:08
16/11/2020,14:00:00,yes,17/11/2020,09:08:00,Topic 61,no,epitweetr,EI expert 2,09:00:00,16/11/2020 14:00,17/11/2020 09:08
16/11/2020,14:00:00,yes,17/11/2020,09:08:00,Topic 61,no,epitweetr,EI expert 2,09:00:00,16/11/2020 14:00,17/11/2020 09:08
17/11/2020,10:00:00,yes,17/11/2020,10:10:00,Topic 61,no,Twitter,EI expert 2,10:05:00,17/11/2020 10:00,17/11/2020 10:10
17/11/2020,10:00:00,yes,17/11/2020,10:10:00,Topic 61,no,Twitter,EI expert 2,10:05:00,17/11/2020 10:00,17/11/2020 10:10
17/11/2020,10:00:00,yes,17/11/2020,10:10:00,Topic 61,no,Twitter,EI expert 2,10:05:00,17/11/2020 10:00,17/11/2020 10:10
17/11/2020,10:00:00,yes,17/11/2020,10:10:00,Topic 61,no,Twitter,EI expert 2,10:05:00,17/11/2020 10:00,17/11/2020 10:10
17/11/2020,10:00:00,yes,17/11/2020,10:10:00,Topic 61,no,Twitter,EI expert 2,10:05:00,17/11/2020 10:00,17/11/2020 10:10
22/10/2020,08:25:00,yes,22/10/2020,09:41:00,Topic 62,no,Twitter,EI expert 1,09:30:00,22/10/2020 08:25,22/10/2020 09:41
23/10/2020,08:55:00,yes,23/10/2020,09:38:00,Topic 62,no,Twitter,EI expert 1,09:30:00,23/10/2020 08:55,23/10/2020 09:38
26/10/2020,14:37:00,yes,26/10/2020,15:04:00,Topic 62,no,Twitter,EI expert 1,14:45:00,26/10/2020 14:37,26/10/2020 15:04
13/11/2020,15:11:00,yes,13/11/2020,15:17:00,Topic 62,no,Twitter,EI expert 2,17:14:00,13/11/2020 15:11,13/11/2020 15:17
02/11/2020,17:00:00,yes,02/11/2020,12:18:00,Topic 63,no,epitweetr,EI expert 2,12:00:00,02/11/2020 17:00,02/11/2020 12:18
02/11/2020,17:00:00,yes,02/11/2020,12:18:00,Topic 63,no,epitweetr,EI expert 2,12:00:00,02/11/2020 17:00,02/11/2020 12:18
03/11/2020,08:40:00,yes,03/11/2020,10:15:00,Topic 63,no,Twitter,EI expert 2,09:45:00,03/11/2020 08:40,03/11/2020 10:15
08/11/2020,15:00:00,yes,09/11/2020,09:20:00,Topic 64a,no,epitweetr,EI expert 2,09:15:00,08/11/2020 15:00,09/11/2020 09:20
08/11/2020,15:00:00,yes,09/11/2020,09:20:00,Topic 64a,no,epitweetr,EI expert 2,09:15:00,08/11/2020 15:00,09/11/2020 09:20
11/11/2020,11:00:00,yes,12/11/2020,09:03:00,Topic 64b,no,epitweetr,EI expert 2,09:00:00,11/11/2020 11:00,12/11/2020 09:03
11/11/2020,11:00:00,yes,12/11/2020,09:03:00,Topic 64b,no,epitweetr,EI expert 2,09:00:00,11/11/2020 11:00,12/11/2020 09:03
11/11/2020,11:00:00,yes,12/11/2020,09:03:00,Topic 64b,no,epitweetr,EI expert 2,09:00:00,11/11/2020 11:00,12/11/2020 09:03
05/11/2020,12:00:00,no,06/11/2020,09:17:00,Topic 64c,no,epitweetr,EI expert 2,09:00:00,05/11/2020 12:00,06/11/2020 09:17
05/11/2020,12:00:00,no,06/11/2020,09:17:00,Topic 64c,no,epitweetr,EI expert 2,09:00:00,05/11/2020 12:00,06/11/2020 09:17
12/11/2020,09:07:00,yes,12/11/2020,10:15:00,Topic 65,no,Twitter,EI expert 2,10:05:00,12/11/2020 09:07,12/11/2020 10:15
20/10/2020,10:00:00,no,20/10/2020,17:51:00,Topic 66a,no,epitweetr,EI expert 1,17:45:00,20/10/2020 10:00,20/10/2020 17:51
28/10/2020,03:00:00,yes,28/10/2020,09:16:00,Topic 66a,no,epitweetr,EI expert 1,09:00:00,28/10/2020 03:00,28/10/2020 09:16
29/10/2020,07:00:00,no,29/10/2020,15:53:00,Topic 66b,no,epitweetr,EI expert 1,15:40:00,29/10/2020 07:00,29/10/2020 15:53
18/10/2020,16:00:00,yes,19/10/2020,10:54:00,Topic 67a,no,epitweetr,EI expert 1,10:50:00,18/10/2020 16:00,19/10/2020 10:54
19/10/2020,07:00:00,yes,19/10/2020,15:50:00,Topic 67a,no,epitweetr,EI expert 1,15:45:00,19/10/2020 07:00,19/10/2020 15:50
19/10/2020,10:00:00,yes,19/10/2020,15:50:00,Topic 67a,no,epitweetr,EI expert 1,15:45:00,19/10/2020 10:00,19/10/2020 15:50
19/10/2020,10:00:00,yes,19/10/2020,15:50:00,Topic 67a,no,epitweetr,EI expert 1,15:45:00,19/10/2020 10:00,19/10/2020 15:50
19/10/2020,10:00:00,yes,19/10/2020,15:50:00,Topic 67a,no,epitweetr,EI expert 1,15:45:00,19/10/2020 10:00,19/10/2020 15:50
19/10/2020,10:00:00,yes,19/10/2020,15:50:00,Topic 67a,no,epitweetr,EI expert 1,15:45:00,19/10/2020 10:00,19/10/2020 15:50
19/10/2020,10:00:00,yes,19/10/2020,15:50:00,Topic 67a,no,epitweetr,EI expert 1,15:45:00,19/10/2020 10:00,19/10/2020 15:50
19/10/2020,10:00:00,yes,19/10/2020,15:50:00,Topic 67a,no,epitweetr,EI expert 1,15:45:00,19/10/2020 10:00,19/10/2020 15:50
19/10/2020,10:00:00,yes,19/10/2020,15:50:00,Topic 67a,no,epitweetr,EI expert 1,15:45:00,19/10/2020 10:00,19/10/2020 15:50
19/10/2020,10:00:00,yes,19/10/2020,15:50:00,Topic 67a,no,epitweetr,EI expert 1,15:45:00,19/10/2020 10:00,19/10/2020 15:50
19/10/2020,07:00:00,yes,19/10/2020,15:50:00,Topic 67a,no,epitweetr,EI expert 1,15:45:00,19/10/2020 07:00,19/10/2020 15:50
19/10/2020,04:00:00,yes,19/10/2020,15:50:00,Topic 67a,no,epitweetr,EI expert 1,15:45:00,19/10/2020 04:00,19/10/2020 15:50
19/10/2020,10:00:00,yes,19/10/2020,15:50:00,Topic 67a,no,epitweetr,EI expert 1,15:45:00,19/10/2020 10:00,19/10/2020 15:50
20/10/2020,10:00:00,yes,20/10/2020,17:45:00,Topic 67a,no,epitweetr,EI expert 1,17:45:00,20/10/2020 10:00,20/10/2020 17:45
20/10/2020,10:00:00,yes,20/10/2020,17:45:00,Topic 67a,no,epitweetr,EI expert 1,17:45:00,20/10/2020 10:00,20/10/2020 17:45
20/10/2020,10:00:00,yes,20/10/2020,17:45:00,Topic 67a,no,epitweetr,EI expert 1,17:45:00,20/10/2020 10:00,20/10/2020 17:45
20/10/2020,10:00:00,yes,20/10/2020,17:45:00,Topic 67a,no,epitweetr,EI expert 1,17:45:00,20/10/2020 10:00,20/10/2020 17:45
20/10/2020,10:00:00,yes,20/10/2020,17:45:00,Topic 67a,no,epitweetr,EI expert 1,17:45:00,20/10/2020 10:00,20/10/2020 17:45
20/10/2020,10:00:00,yes,20/10/2020,17:45:00,Topic 67a,no,epitweetr,EI expert 1,17:45:00,20/10/2020 10:00,20/10/2020 17:45
20/10/2020,13:00:00,yes,20/10/2020,17:45:00,Topic 67a,no,epitweetr,EI expert 1,17:45:00,20/10/2020 13:00,20/10/2020 17:45
26/10/2020,03:00:00,yes,26/10/2020,10:05:00,Topic 67b,no,epitweetr,EI expert 1,10:00:00,26/10/2020 03:00,26/10/2020 10:05
26/10/2020,03:00:00,yes,26/10/2020,10:05:00,Topic 67b,no,epitweetr,EI expert 1,10:00:00,26/10/2020 03:00,26/10/2020 10:05
26/10/2020,03:00:00,yes,26/10/2020,10:05:00,Topic 67b,no,epitweetr,EI expert 1,10:00:00,26/10/2020 03:00,26/10/2020 10:05
26/10/2020,03:00:00,yes,26/10/2020,10:05:00,Topic 67b,no,epitweetr,EI expert 1,10:00:00,26/10/2020 03:00,26/10/2020 10:05
27/10/2020,03:00:00,yes,27/10/2020,08:22:00,Topic 67b,no,epitweetr,EI expert 1,08:15:00,27/10/2020 03:00,27/10/2020 08:22
27/10/2020,03:00:00,yes,27/10/2020,08:22:00,Topic 67b,no,epitweetr,EI expert 1,08:15:00,27/10/2020 03:00,27/10/2020 08:22
04/11/2020,06:00:00,yes,04/11/2020,15:07:00,Topic 67b,no,epitweetr,EI expert 2,15:00:00,04/11/2020 06:00,04/11/2020 15:07
04/11/2020,06:00:00,yes,04/11/2020,15:07:00,Topic 67b,no,epitweetr,EI expert 2,15:00:00,04/11/2020 06:00,04/11/2020 15:07
04/11/2020,23:00:00,yes,05/11/2020,09:11:00,Topic 67c,no,epitweetr,EI expert 2,08:55:00,04/11/2020 23:00,05/11/2020 09:11
25/11/2020,07:00:00,yes,25/11/2020,14:09:00,Topic 67d,no,epitweetr,EI expert 1,14:00:00,25/11/2020 07:00,25/11/2020 14:09
25/11/2020,07:00:00,yes,25/11/2020,14:09:00,Topic 67d,no,epitweetr,EI expert 1,14:00:00,25/11/2020 07:00,25/11/2020 14:09
25/11/2020,07:00:00,yes,25/11/2020,14:09:00,Topic 67d,no,epitweetr,EI expert 1,14:00:00,25/11/2020 07:00,25/11/2020 14:09
26/11/2020,21:00:00,yes,27/11/2020,09:09:00,Topic 67d,no,epitweetr,EI expert 1,08:55:00,26/11/2020 21:00,27/11/2020 09:09
26/11/2020,21:00:00,yes,27/11/2020,09:09:00,Topic 67d,no,epitweetr,EI expert 1,08:55:00,26/11/2020 21:00,27/11/2020 09:09
26/11/2020,21:00:00,yes,27/11/2020,09:09:00,Topic 67d,no,epitweetr,EI expert 1,08:55:00,26/11/2020 21:00,27/11/2020 09:09
26/11/2020,21:00:00,yes,27/11/2020,09:09:00,Topic 67d,no,epitweetr,EI expert 1,08:55:00,26/11/2020 21:00,27/11/2020 09:09
24/11/2020,00:00:00,yes,24/11/2020,09:25:00,Topic 67e,no,epitweetr,EI expert 1,09:00:00,24/11/2020 00:00,24/11/2020 09:25
25/11/2020,07:00:00,yes,25/11/2020,14:11:00,Topic 67e,no,epitweetr,EI expert 1,14:00:00,25/11/2020 07:00,25/11/2020 14:11
19/11/2020,11:00:00,no,19/11/2020,16:09:00,Topic 67e,no,epitweetr,EI expert 2,16:00:00,19/11/2020 11:00,19/11/2020 16:09
21/10/2020,10:00:00,no,21/10/2020,15:49:00,Topic 68a,no,epitweetr,EI expert 1,15:45:00,21/10/2020 10:00,21/10/2020 15:49
21/10/2020,11:00:00,no,21/10/2020,15:49:00,Topic 68a,no,epitweetr,EI expert 1,15:45:00,21/10/2020 11:00,21/10/2020 15:49
21/10/2020,11:00:00,no,21/10/2020,15:49:00,Topic 68a,no,epitweetr,EI expert 1,15:45:00,21/10/2020 11:00,21/10/2020 15:49
21/10/2020,11:00:00,no,21/10/2020,15:49:00,Topic 68a,no,epitweetr,EI expert 1,15:45:00,21/10/2020 11:00,21/10/2020 15:49
21/10/2020,11:00:00,no,21/10/2020,15:49:00,Topic 68a,no,epitweetr,EI expert 1,15:45:00,21/10/2020 11:00,21/10/2020 15:49
21/10/2020,04:00:00,no,21/10/2020,15:49:00,Topic 68a,no,epitweetr,EI expert 1,15:45:00,21/10/2020 04:00,21/10/2020 15:49
03/11/2020,08:40:00,yes,03/11/2020,10:18:00,Topic 68b,no,Twitter,EI expert 2,09:45:00,03/11/2020 08:40,03/11/2020 10:18
21/10/2020,11:00:00,yes,21/10/2020,15:53:00,Topic 68c,no,epitweetr,EI expert 1,15:45:00,21/10/2020 11:00,21/10/2020 15:53
02/11/2020,17:00:00,no,02/11/2020,12:10:00,Topic 68d,no,epitweetr,EI expert 2,12:00:00,02/11/2020 17:00,02/11/2020 12:10
02/11/2020,12:00:00,no,02/11/2020,16:30:00,Topic 68d,no,epitweetr,EI expert 2,16:20:00,02/11/2020 12:00,02/11/2020 16:30
16/11/2020,06:30:00,yes,16/11/2020,09:12:00,Topic 69,no,Twitter,EI expert 2,09:05:00,16/11/2020 06:30,16/11/2020 09:12
12/11/2020,11:00:00,yes,12/11/2020,16:33:00,Topic 70a,no,epitweetr,EI expert 2,16:30:00,12/11/2020 11:00,12/11/2020 16:33
03/11/2020,06:00:00,yes,03/11/2020,15:01:00,Topic 70b,no,epitweetr,EI expert 2,15:00:00,03/11/2020 06:00,03/11/2020 15:01
03/11/2020,20:00:00,yes,04/11/2020,09:33:00,Topic 70b,no,epitweetr,EI expert 2,09:30:00,03/11/2020 20:00,04/11/2020 09:33
03/11/2020,20:00:00,yes,04/11/2020,09:33:00,Topic 70b,no,epitweetr,EI expert 2,09:30:00,03/11/2020 20:00,04/11/2020 09:33
04/11/2020,06:00:00,yes,04/11/2020,15:03:00,Topic 70b,no,epitweetr,EI expert 2,15:00:00,04/11/2020 06:00,04/11/2020 15:03
10/11/2020,18:00:00,no,11/11/2020,10:38:00,Topic 71,no,epitweetr,EI expert 2,10:30:00,10/11/2020 18:00,11/11/2020 10:38
10/11/2020,18:00:00,no,11/11/2020,10:38:00,Topic 71,no,epitweetr,EI expert 2,10:30:00,10/11/2020 18:00,11/11/2020 10:38
10/11/2020,18:00:00,no,11/11/2020,10:38:00,Topic 71,no,epitweetr,EI expert 2,10:30:00,10/11/2020 18:00,11/11/2020 10:38
10/11/2020,18:00:00,no,11/11/2020,10:38:00,Topic 71,no,epitweetr,EI expert 2,10:30:00,10/11/2020 18:00,11/11/2020 10:38
11/11/2020,11:00:00,yes,11/11/2020,16:06:00,Topic 71,no,epitweetr,EI expert 2,16:00:00,11/11/2020 11:00,11/11/2020 16:06
11/11/2020,11:00:00,yes,11/11/2020,16:06:00,Topic 71,no,epitweetr,EI expert 2,16:00:00,11/11/2020 11:00,11/11/2020 16:06
11/11/2020,11:00:00,yes,11/11/2020,16:06:00,Topic 71,no,epitweetr,EI expert 2,16:00:00,11/11/2020 11:00,11/11/2020 16:06
11/11/2020,11:00:00,yes,11/11/2020,16:06:00,Topic 71,no,epitweetr,EI expert 2,16:00:00,11/11/2020 11:00,11/11/2020 16:06
23/11/2020,02:00:00,yes,23/11/2020,09:35:00,Topic 72,no,epitweetr,EI expert 2,09:28:00,23/11/2020 02:00,23/11/2020 09:35
19/10/2020,15:21:00,yes,19/10/2020,15:31:00,Topic 73,no,Twitter,EI expert 1,15:30:00,19/10/2020 15:21,19/10/2020 15:31
13/11/2020,15:00:00,no,13/11/2020,15:20:00,Topic 73,no,Twitter,EI expert 2,17:14:00,13/11/2020 15:00,13/11/2020 15:20
21/10/2020,19:00:00,no,22/10/2020,09:11:00,Topic 74,no,epitweetr,EI expert 1,09:00:00,21/10/2020 19:00,22/10/2020 09:11
28/10/2020,03:00:00,no,28/10/2020,09:10:00,Topic 75,no,epitweetr,EI expert 1,09:00:00,28/10/2020 03:00,28/10/2020 09:10
11/11/2020,15:00:00,no,12/11/2020,09:00:00,Topic 75,no,epitweetr,EI expert 2,16:00:00,11/11/2020 15:00,12/11/2020 09:00
11/11/2020,15:00:00,no,12/11/2020,09:00:00,Topic 75,no,epitweetr,EI expert 2,16:00:00,11/11/2020 15:00,12/11/2020 09:00
03/11/2020,20:00:00,yes,04/11/2020,09:44:00,Topic 76,no,epitweetr,EI expert 2,09:30:00,03/11/2020 20:00,04/11/2020 09:44
03/11/2020,15:00:00,yes,04/11/2020,09:44:00,Topic 76,no,epitweetr,EI expert 2,09:30:00,03/11/2020 15:00,04/11/2020 09:44
03/11/2020,23:00:00,yes,04/11/2020,09:44:00,Topic 76,no,epitweetr,EI expert 2,09:30:00,03/11/2020 23:00,04/11/2020 09:44
03/11/2020,12:00:00,yes,04/11/2020,09:44:00,Topic 76,no,epitweetr,EI expert 2,09:30:00,03/11/2020 12:00,04/11/2020 09:44
03/11/2020,15:00:00,yes,04/11/2020,09:44:00,Topic 76,no,epitweetr,EI expert 2,09:30:00,03/11/2020 15:00,04/11/2020 09:44
03/11/2020,15:00:00,yes,04/11/2020,09:47:00,Topic 76,no,epitweetr,EI expert 2,09:30:00,03/11/2020 15:00,04/11/2020 09:47
23/11/2020,21:00:00,yes,24/11/2020,09:21:00,Topic 77,no,epitweetr,EI expert 1,09:00:00,23/11/2020 21:00,24/11/2020 09:21
23/11/2020,16:00:00,yes,24/11/2020,09:21:00,Topic 77,no,epitweetr,EI expert 1,09:00:00,23/11/2020 16:00,24/11/2020 09:21
23/11/2020,16:00:00,yes,24/11/2020,09:21:00,Topic 77,no,epitweetr,EI expert 1,09:00:00,23/11/2020 16:00,24/11/2020 09:21
23/11/2020,16:00:00,yes,24/11/2020,09:21:00,Topic 77,no,epitweetr,EI expert 1,09:00:00,23/11/2020 16:00,24/11/2020 09:21
23/11/2020,16:00:00,yes,24/11/2020,09:21:00,Topic 77,no,epitweetr,EI expert 1,09:00:00,23/11/2020 16:00,24/11/2020 09:21
20/10/2020,14:00:00,no,21/10/2020,09:31:00,Topic 78a,no,epitweetr,EI expert 1,09:30:00,20/10/2020 14:00,21/10/2020 09:31
20/10/2020,17:00:00,no,21/10/2020,09:31:00,Topic 78a,no,epitweetr,EI expert 1,09:30:00,20/10/2020 17:00,21/10/2020 09:31
20/10/2020,14:00:00,no,21/10/2020,09:31:00,Topic 78a,no,epitweetr,EI expert 1,09:30:00,20/10/2020 14:00,21/10/2020 09:31
21/10/2020,20:00:00,yes,22/10/2020,09:01:00,Topic 78a,no,epitweetr,EI expert 1,09:00:00,21/10/2020 20:00,22/10/2020 09:01
21/10/2020,20:00:00,yes,22/10/2020,09:01:00,Topic 78a,no,epitweetr,EI expert 1,09:00:00,21/10/2020 20:00,22/10/2020 09:01
29/10/2020,12:00:00,no,29/10/2020,15:49:00,Topic 78a,no,epitweetr,EI expert 1,15:40:00,29/10/2020 12:00,29/10/2020 15:49
29/10/2020,12:00:00,no,29/10/2020,15:49:00,Topic 78a,no,epitweetr,EI expert 1,15:40:00,29/10/2020 12:00,29/10/2020 15:49
25/11/2020,00:00:00,yes,25/11/2020,10:08:00,Topic 78b,no,epitweetr,EI expert 1,09:50:00,25/11/2020 00:00,25/11/2020 10:08
26/10/2020,12:00:00,no,26/10/2020,15:27:00,Topic 78c,no,epitweetr,EI expert 1,15:25:00,26/10/2020 12:00,26/10/2020 15:27
27/10/2020,03:00:00,no,27/10/2020,08:19:00,Topic 79,no,epitweetr,EI expert 1,08:15:00,27/10/2020 03:00,27/10/2020 08:19
27/10/2020,03:00:00,no,27/10/2020,08:19:00,Topic 79,no,epitweetr,EI expert 1,08:15:00,27/10/2020 03:00,27/10/2020 08:19
27/10/2020,03:00:00,no,27/10/2020,08:19:00,Topic 79,no,epitweetr,EI expert 1,08:15:00,27/10/2020 03:00,27/10/2020 08:19
27/10/2020,03:00:00,no,27/10/2020,08:19:00,Topic 79,no,epitweetr,EI expert 1,08:15:00,27/10/2020 03:00,27/10/2020 08:19
21/10/2020,00:00:00,yes,21/10/2020,09:55:00,Topic 7a,no,epitweetr,EI expert 1,09:30:00,21/10/2020 00:00,21/10/2020 09:55
05/11/2020,20:00:00,yes,06/11/2020,09:05:00,Topic 7a,no,epitweetr,EI expert 2,09:00:00,05/11/2020 20:00,06/11/2020 09:05
05/11/2020,15:00:00,yes,06/11/2020,09:05:00,Topic 7a,no,epitweetr,EI expert 2,09:00:00,05/11/2020 15:00,06/11/2020 09:05
05/11/2020,15:00:00,yes,06/11/2020,09:05:00,Topic 7a,no,epitweetr,EI expert 2,09:00:00,05/11/2020 15:00,06/11/2020 09:05
05/11/2020,15:00:00,yes,06/11/2020,09:05:00,Topic 7a,no,epitweetr,EI expert 2,09:00:00,05/11/2020 15:00,06/11/2020 09:05
05/11/2020,15:00:00,yes,06/11/2020,09:05:00,Topic 7a,no,epitweetr,EI expert 2,09:00:00,05/11/2020 15:00,06/11/2020 09:05
05/11/2020,23:00:00,yes,06/11/2020,09:05:00,Topic 7a,no,epitweetr,EI expert 2,09:00:00,05/11/2020 23:00,06/11/2020 09:05
05/11/2020,23:00:00,yes,06/11/2020,09:05:00,Topic 7a,no,epitweetr,EI expert 2,09:00:00,05/11/2020 23:00,06/11/2020 09:05
05/11/2020,15:00:00,yes,06/11/2020,09:05:00,Topic 7a,no,epitweetr,EI expert 2,09:00:00,05/11/2020 15:00,06/11/2020 09:05
05/11/2020,23:00:00,yes,06/11/2020,09:05:00,Topic 7a,no,epitweetr,EI expert 2,09:00:00,05/11/2020 23:00,06/11/2020 09:05
16/11/2020,11:00:00,yes,16/11/2020,16:05:00,Topic 7a,no,epitweetr,EI expert 2,16:00:00,16/11/2020 11:00,16/11/2020 16:05
05/11/2020,05:00:00,no,05/11/2020,16:00:00,Topic 7b,no,epitweetr,EI expert 2,15:55:00,05/11/2020 05:00,05/11/2020 16:00
28/10/2020,03:00:00,yes,28/10/2020,09:13:00,Topic 8,no,epitweetr,EI expert 1,09:00:00,28/10/2020 03:00,28/10/2020 09:13
28/10/2020,03:00:00,yes,28/10/2020,09:13:00,Topic 8,no,epitweetr,EI expert 1,09:00:00,28/10/2020 03:00,28/10/2020 09:13
21/10/2020,09:05:00,yes,21/10/2020,10:12:00,Topic 80,no,Twitter,EI expert 1,10:00:00,21/10/2020 09:05,21/10/2020 10:12
27/10/2020,04:00:00,no,27/10/2020,15:24:00,Topic 81,no,epitweetr,EI expert 1,15:20:00,27/10/2020 04:00,27/10/2020 15:24
27/10/2020,12:00:00,no,27/10/2020,15:24:00,Topic 81,no,epitweetr,EI expert 1,15:20:00,27/10/2020 12:00,27/10/2020 15:24
26/10/2020,12:00:00,no,26/10/2020,15:30:00,Topic 82,no,epitweetr,EI expert 1,15:25:00,26/10/2020 12:00,26/10/2020 15:30
23/11/2020,12:00:00,no,23/11/2020,16:30:00,Topic 83a,no,epitweetr,EI expert 2,16:30:00,23/11/2020 12:00,23/11/2020 16:30
23/11/2020,12:00:00,no,23/11/2020,16:30:00,Topic 83a,no,epitweetr,EI expert 2,16:30:00,23/11/2020 12:00,23/11/2020 16:30
23/11/2020,12:00:00,no,23/11/2020,16:30:00,Topic 83a,no,epitweetr,EI expert 2,16:30:00,23/11/2020 12:00,23/11/2020 16:30
23/11/2020,12:00:00,no,23/11/2020,16:30:00,Topic 83a,no,epitweetr,EI expert 2,16:30:00,23/11/2020 12:00,23/11/2020 16:30
23/11/2020,12:00:00,no,23/11/2020,16:30:00,Topic 83a,no,epitweetr,EI expert 2,16:30:00,23/11/2020 12:00,23/11/2020 16:30
27/11/2020,15:00:00,yes,28/11/2020,09:07:00,Topic 83b,no,epitweetr,EI expert 1,09:00:00,27/11/2020 15:00,28/11/2020 09:07
27/11/2020,15:00:00,yes,28/11/2020,09:07:00,Topic 83b,no,epitweetr,EI expert 1,09:00:00,27/11/2020 15:00,28/11/2020 09:07
27/11/2020,15:00:00,yes,28/11/2020,09:07:00,Topic 83b,no,epitweetr,EI expert 1,09:00:00,27/11/2020 15:00,28/11/2020 09:07
26/11/2020,21:00:00,yes,27/11/2020,08:57:00,Topic 83c,no,epitweetr,EI expert 1,08:55:00,26/11/2020 21:00,27/11/2020 08:57
26/11/2020,21:00:00,yes,27/11/2020,08:57:00,Topic 83c,no,epitweetr,EI expert 1,08:55:00,26/11/2020 21:00,27/11/2020 08:57
26/11/2020,13:00:00,yes,27/11/2020,08:57:00,Topic 83c,no,epitweetr,EI expert 1,08:55:00,26/11/2020 13:00,27/11/2020 08:57
26/11/2020,21:00:00,yes,27/11/2020,08:57:00,Topic 83c,no,epitweetr,EI expert 1,08:55:00,26/11/2020 21:00,27/11/2020 08:57
27/11/2020,19:00:00,yes,28/11/2020,09:04:00,Topic 83c,no,epitweetr,EI expert 1,09:00:00,27/11/2020 19:00,28/11/2020 09:04
28/11/2020,12:00:00,yes,28/11/2020,15:03:00,Topic 83c,no,epitweetr,EI expert 1,15:00:00,28/11/2020 12:00,28/11/2020 15:03
26/10/2020,12:00:00,yes,26/10/2020,15:25:00,Topic 83d,no,epitweetr,EI expert 1,15:25:00,26/10/2020 12:00,26/10/2020 15:25
26/10/2020,12:00:00,yes,26/10/2020,15:25:00,Topic 83d,no,epitweetr,EI expert 1,15:25:00,26/10/2020 12:00,26/10/2020 15:25
23/11/2020,16:24:00,no,24/11/2020,10:30:00,Topic 84,no,Twitter,EI expert 2,10:30:00,23/11/2020 16:24,24/11/2020 10:30
13/11/2020,02:00:00,yes,13/11/2020,09:03:00,Topic 85,no,epitweetr,EI expert 2,09:00:00,13/11/2020 02:00,13/11/2020 09:03
13/11/2020,02:00:00,yes,13/11/2020,09:03:00,Topic 85,no,epitweetr,EI expert 2,09:00:00,13/11/2020 02:00,13/11/2020 09:03
13/11/2020,02:00:00,yes,13/11/2020,09:03:00,Topic 85,no,epitweetr,EI expert 2,09:00:00,13/11/2020 02:00,13/11/2020 09:03
13/11/2020,11:00:00,yes,13/11/2020,16:04:00,Topic 85,no,epitweetr,EI expert 2,16:00:00,13/11/2020 11:00,13/11/2020 16:04
20/10/2020,04:00:00,yes,20/10/2020,09:38:00,Topic 86a,no,epitweetr,EI expert 1,09:30:00,20/10/2020 04:00,20/10/2020 09:38
20/10/2020,04:00:00,yes,20/10/2020,09:38:00,Topic 86a,no,epitweetr,EI expert 1,09:30:00,20/10/2020 04:00,20/10/2020 09:38
20/10/2020,14:00:00,yes,21/10/2020,10:03:00,Topic 86b,no,epitweetr,EI expert 1,09:30:00,20/10/2020 14:00,21/10/2020 10:03
20/10/2020,14:00:00,yes,21/10/2020,10:03:00,Topic 86b,no,epitweetr,EI expert 1,09:30:00,20/10/2020 14:00,21/10/2020 10:03
20/10/2020,14:00:00,yes,21/10/2020,10:03:00,Topic 86b,no,epitweetr,EI expert 1,09:30:00,20/10/2020 14:00,21/10/2020 10:03
16/11/2020,14:43:00,yes,16/11/2020,15:20:00,Topic 86c,no,Twitter,EI expert 2,15:15:00,16/11/2020 14:43,16/11/2020 15:20
09/11/2020,15:00:00,no,10/11/2020,08:53:00,Topic 87a,no,epitweetr,EI expert 2,08:44:00,09/11/2020 15:00,10/11/2020 08:53
20/10/2020,20:00:00,no,21/10/2020,09:49:00,Topic 87b,no,epitweetr,EI expert 1,09:30:00,20/10/2020 20:00,21/10/2020 09:49
24/11/2020,10:00:00,yes,24/11/2020,15:20:00,Topic 88,no,epitweetr,EI expert 1,15:00:00,24/11/2020 10:00,24/11/2020 15:20
05/11/2020,11:34:00,yes,05/11/2020,11:35:00,Topic 89,no,Twitter,EI expert 2,11:30:00,05/11/2020 11:34,05/11/2020 11:35
27/10/2020,12:00:00,no,27/10/2020,15:28:00,Topic 9,no,epitweetr,EI expert 1,15:20:00,27/10/2020 12:00,27/10/2020 15:28
04/11/2020,15:00:00,yes,05/11/2020,09:15:00,Topic 90,no,epitweetr,EI expert 2,08:55:00,04/11/2020 15:00,05/11/2020 09:15
27/10/2020,03:00:00,no,27/10/2020,08:24:00,Topic 91,no,epitweetr,EI expert 1,08:15:00,27/10/2020 03:00,27/10/2020 08:24
27/10/2020,03:00:00,no,27/10/2020,08:24:00,Topic 91,no,epitweetr,EI expert 1,08:15:00,27/10/2020 03:00,27/10/2020 08:24
28/10/2020,12:00:00,no,28/10/2020,14:58:00,Topic 91,no,epitweetr,EI expert 1,14:50:00,28/10/2020 12:00,28/10/2020 14:58
28/10/2020,12:00:00,no,28/10/2020,14:58:00,Topic 91,no,epitweetr,EI expert 1,14:50:00,28/10/2020 12:00,28/10/2020 14:58
20/10/2020,04:00:00,yes,20/10/2020,09:41:00,Topic 92,no,epitweetr,EI expert 1,09:30:00,20/10/2020 04:00,20/10/2020 09:41
20/10/2020,04:00:00,yes,20/10/2020,09:41:00,Topic 92,no,epitweetr,EI expert 1,09:30:00,20/10/2020 04:00,20/10/2020 09:41
20/10/2020,04:00:00,no,20/10/2020,09:35:00,Topic 93,no,epitweetr,EI expert 1,09:30:00,20/10/2020 04:00,20/10/2020 09:35
20/10/2020,04:00:00,yes,20/10/2020,09:36:00,Topic 93,no,epitweetr,EI expert 1,09:30:00,20/10/2020 04:00,20/10/2020 09:36
23/11/2020,02:00:00,no,23/11/2020,09:28:00,Topic 93,no,epitweetr,EI expert 2,09:28:00,23/11/2020 02:00,23/11/2020 09:28
04/11/2020,12:00:00,yes,04/11/2020,09:55:00,Topic 94,no,epitweetr,EI expert 2,09:30:00,04/11/2020 12:00,04/11/2020 09:55
05/11/2020,15:00:00,yes,06/11/2020,09:15:00,Topic 95,no,epitweetr,EI expert 2,09:00:00,05/11/2020 15:00,06/11/2020 09:15
05/11/2020,15:00:00,yes,06/11/2020,09:15:00,Topic 95,no,epitweetr,EI expert 2,09:00:00,05/11/2020 15:00,06/11/2020 09:15
08/11/2020,12:00:00,yes,09/11/2020,09:18:00,Topic 95,no,epitweetr,EI expert 2,09:15:00,08/11/2020 12:00,09/11/2020 09:18
28/10/2020,12:00:00,no,28/10/2020,15:01:00,Topic 96,no,epitweetr,EI expert 1,14:50:00,28/10/2020 12:00,28/10/2020 15:01
28/10/2020,12:00:00,no,28/10/2020,15:01:00,Topic 96,no,epitweetr,EI expert 1,14:50:00,28/10/2020 12:00,28/10/2020 15:01
28/10/2020,12:00:00,no,28/10/2020,15:01:00,Topic 96,no,epitweetr,EI expert 1,14:50:00,28/10/2020 12:00,28/10/2020 15:01
27/10/2020,03:00:00,no,27/10/2020,08:26:00,Topic 97,no,epitweetr,EI expert 1,08:15:00,27/10/2020 03:00,27/10/2020 08:26
10/11/2020,15:17:00,yes,10/11/2020,15:42:00,Topic 98,no,Twitter,EI expert 2,15:35:00,10/11/2020 15:17,10/11/2020 15:42
28/10/2020,06:00:00,no,28/10/2020,15:15:00,Topic 99,no,epitweetr,EI expert 1,14:50:00,28/10/2020 06:00,28/10/2020 15:15
28/10/2020,06:00:00,no,28/10/2020,15:15:00,Topic 99,no,epitweetr,EI expert 1,14:50:00,28/10/2020 06:00,28/10/2020 15:15
28/10/2020,06:00:00,no,28/10/2020,15:15:00,Topic 99,no,epitweetr,EI expert 1,14:50:00,28/10/2020 06:00,28/10/2020 15:15
26/10/2020,09:00:00,no,26/10/2020,15:31:00,Topic 100,no,epitweetr,EI expert 1,15:25:00,26/10/2020 09:00,26/10/2020 15:31
20/10/2020,14:00:00,yes,21/10/2020,09:52:00,Topic 101a,no,epitweetr,EI expert 1,09:30:00,20/10/2020 14:00,21/10/2020 09:52
10/11/2020,15:00:00,no,11/11/2020,10:42:00,Topic 101b,no,epitweetr,EI expert 2,10:30:00,10/11/2020 15:00,11/11/2020 10:42
02/11/2020,17:00:00,no,02/11/2020,12:02:00,Topic 102,no,epitweetr,EI expert 2,12:00:00,02/11/2020 17:00,02/11/2020 12:02
02/11/2020,17:00:00,no,02/11/2020,12:02:00,Topic 102,no,epitweetr,EI expert 2,12:00:00,02/11/2020 17:00,02/11/2020 12:02
24/11/2020,16:00:00,no,25/11/2020,10:16:00,Topic 103,no,epitweetr,EI expert 1,09:50:00,24/11/2020 16:00,25/11/2020 10:16
24/11/2020,00:00:00,no,24/11/2020,09:05:00,Topic 104a,no,epitweetr,EI expert 1,09:00:00,24/11/2020 00:00,24/11/2020 09:05
24/11/2020,00:00:00,no,24/11/2020,09:05:00,Topic 104a,no,epitweetr,EI expert 1,09:00:00,24/11/2020 00:00,24/11/2020 09:05
24/11/2020,00:00:00,no,24/11/2020,09:05:00,Topic 104a,no,epitweetr,EI expert 1,09:00:00,24/11/2020 00:00,24/11/2020 09:05
24/11/2020,00:00:00,no,24/11/2020,09:05:00,Topic 104a,no,epitweetr,EI expert 1,09:00:00,24/11/2020 00:00,24/11/2020 09:05
24/11/2020,00:00:00,no,24/11/2020,09:05:00,Topic 104a,no,epitweetr,EI expert 1,09:00:00,24/11/2020 00:00,24/11/2020 09:05
24/11/2020,00:00:00,no,24/11/2020,09:05:00,Topic 104a,no,epitweetr,EI expert 1,09:00:00,24/11/2020 00:00,24/11/2020 09:05
24/11/2020,00:00:00,no,24/11/2020,09:05:00,Topic 104a,no,epitweetr,EI expert 1,09:00:00,24/11/2020 00:00,24/11/2020 09:05
24/11/2020,00:00:00,no,24/11/2020,09:05:00,Topic 104a,no,epitweetr,EI expert 1,09:00:00,24/11/2020 00:00,24/11/2020 09:05
24/11/2020,00:00:00,no,24/11/2020,09:05:00,Topic 104a,no,epitweetr,EI expert 1,09:00:00,24/11/2020 00:00,24/11/2020 09:05
11/11/2020,18:00:00,yes,11/11/2020,10:35:00,Topic 104b,no,epitweetr,EI expert 2,10:30:00,11/11/2020 18:00,11/11/2020 10:35
11/11/2020,18:00:00,yes,11/11/2020,10:35:00,Topic 104b,no,epitweetr,EI expert 2,10:30:00,11/11/2020 18:00,11/11/2020 10:35
17/11/2020,12:00:00,yes,17/11/2020,16:08:00,Topic 104b,no,epitweetr,EI expert 2,16:00:00,17/11/2020 12:00,17/11/2020 16:08
21/10/2020,09:34:00,yes,21/10/2020,10:16:00,Topic 104c,no,Twitter,EI expert 1,10:00:00,21/10/2020 09:34,21/10/2020 10:16
28/10/2020,14:51:00,yes,28/10/2020,15:06:00,Topic 104c,no,Twitter,EI expert 1,15:00:00,28/10/2020 14:51,28/10/2020 15:06
04/11/2020,15:00:00,no,05/11/2020,09:06:00,Topic 105,no,epitweetr,EI expert 2,08:55:00,04/11/2020 15:00,05/11/2020 09:06
